Timeout error,https://www.seattletimes.com/seattle-news/health/even-after-a-superspreader-infects-10-of-a-town-the-solution-to-covid-remains-a-tough-sell/?utm_source=RSS&utm_medium=Referral&utm_campaign=RSS_all
Timeout error,https://www.seattletimes.com/nation-world/nation/hours-after-4-killed-in-chicago-5-more-hurt-in-shooting/?utm_source=RSS&utm_medium=Referral&utm_campaign=RSS_all
Timeout error,https://www.seattletimes.com/nation-world/nation/police-fatal-austin-mass-shooting-arose-from-a-teenage-feud/?utm_source=RSS&utm_medium=Referral&utm_campaign=RSS_all
Timeout error,https://www.seattletimes.com/nation-world/nation/police-4-slain-in-chicago-mass-killing-all-shot-in-head/?utm_source=RSS&utm_medium=Referral&utm_campaign=RSS_all
Timeout error,https://www.seattletimes.com/nation-world/nation-politics/washington-state-extremist-pays-a-price-after-unmasking-by-left/?utm_source=RSS&utm_medium=Referral&utm_campaign=RSS_all
Timeout error,https://www.seattletimes.com/nation-world/nation/officer-who-owns-house-where-shooting-occurred-disciplined/?utm_source=RSS&utm_medium=Referral&utm_campaign=RSS_all
Timeout error,http://rssfeeds.azcentral.com/~/655277838/0/phoenix/nation~Visit-these-sites-where-LGBTQ-history-was-made/
Unscrapable content error,https://biztoc.com/p/8biebie6?ref=rss&rd=1
Unscrapable content error,https://biztoc.com/p/34kwr7h8?ref=rss&rd=1
Unscrapable content,https://www.sfgate.com/news/article/Firearm-group-sues-to-block-Nevada-s-new-ban-on-16249941.php
Unscrapable content,https://www.sfgate.com/news/article/Firearm-group-sues-to-block-Nevada-s-new-ban-on-16249941.php
Unscrapable content error,https://www.latimes.com/entertainment-arts/movies/story/2021-06-15/review-hitmans-wifes-bodyguard-salma-hayek-samuel-l-jackson-ryan-reynolds
Unscrapable content,https://www.cbsnews.com/video/chicago-southside-mass-shooting-4-dead/
Unscrapable content,https://www.cbsnews.com/video/tree-of-life-synagogues-new-beginning-after-deadly-mass-shooting/
Unscrapable content,https://www.sfgate.com/news/article/Hours-after-4-killed-in-Chicago-5-more-hurt-in-16251873.php
Unscrapable content,https://www.sfgate.com/news/article/Hours-after-4-killed-in-Chicago-5-more-hurt-in-16251873.php
Unscrapable content,https://www.startribune.com/hours-after-4-killed-in-chicago-5-more-hurt-in-shooting/600068762/
Unscrapable content,https://www.sfgate.com/news/article/Congress-designating-Pulse-massacre-site-a-16252532.php
Unscrapable content,https://www.sfgate.com/news/article/Congress-designating-Pulse-massacre-site-a-16252532.php
Unscrapable content,https://www.sfgate.com/news/article/Police-Fatal-Austin-mass-shooting-arose-from-a-16253338.php
Unscrapable content,https://www.sfgate.com/news/article/Police-Fatal-Austin-mass-shooting-arose-from-a-16253338.php
Unscrapable content,https://www.startribune.com/police-fatal-austin-mass-shooting-arose-from-a-teenage-feud/600068993/
Unscrapable content error,https://www.staradvertiser.com/2021/06/16/breaking-news/police-say-austin-mass-shooting-arose-from-a-teenage-feud/
Unscrapable content error,https://www.post-gazette.com/news/crime-courts/2021/06/16/chicago-mass-shooting-8-shot-4-killed-four-hurt-englewood/stories/202106160184
Unscrapable content error,https://www.latimes.com/entertainment-arts/music/story/2021-06-17/bo-burnham-inside-netflix-special-music-covid
Unscrapable content,https://www.sfgate.com/news/article/Police-4-slain-in-Chicago-mass-killing-all-shot-16255122.php
Unscrapable content,https://www.sfgate.com/news/article/Police-4-slain-in-Chicago-mass-killing-all-shot-16255122.php
Unscrapable content,https://www.startribune.com/police-4-slain-in-chicago-mass-killing-all-shot-in-head/600069265/
Unscrapable content,https://www.cbsnews.com/video/charleston-shooting-victims-family-members-share-how-they-are-moving-forward/
Unscrapable content error,http://www.realclearpolitics.com/video/2021/06/17/tucker_carlson_americas_worst_mayor_lori_lightfoot_is_demented_and_she_needs_help.html
Unscrapable content,http://rss.cnn.com/~r/rss/cnn_us/~3/5x_k5v8D9RQ/
Unscrapable content error,https://biztoc.com/p/yc3ht8pv?ref=rss&rd=1
Unscrapable content,https://www.sfgate.com/news/article/Colorado-governor-signs-3-gun-bills-into-law-16259673.php
Unscrapable content,https://www.sfgate.com/news/article/Colorado-governor-signs-3-gun-bills-into-law-16259673.php
Unscrapable content error,https://biztoc.com/p/rbq6wxdx?ref=rss&rd=1
Unscrapable content,https://www.sfgate.com/news/article/Another-victim-dies-from-last-week-s-Chicago-mass-16260670.php
Unscrapable content,https://www.sfgate.com/news/article/Another-victim-dies-from-last-week-s-Chicago-mass-16260670.php
Unscrapable content error,https://politicalwire.com/2021/06/21/colorado-lets-cities-set-their-own-gun-laws/
Unscrapable content error,https://www.google.com/url?rct=j&sa=t&url=https://www.tampabay.com/news/breaking-news/2021/06/21/1-killed-several-shot-at-florida-fathers-day-event-deputies-say/&ct=ga&cd=CAIyGjUwNWU3NGI2NWFiYWI5NjY6Y29tOmVuOlVT&usg=AFQjCNH--kcWrcEt6K2KqtqyCHPE8XDFtQ
Unscrapable content,https://www.sfgate.com/news/article/Officer-who-owns-house-where-shooting-occurred-16263489.php
Unscrapable content,https://www.sfgate.com/news/article/Officer-who-owns-house-where-shooting-occurred-16263489.php
Unscrapable content error,https://www.latimes.com/california/story/2021-06-21/appeals-court-blocks-judges-decision-to-overturn-states-assault-weapons-ban
Unscrapable content error,https://www.staradvertiser.com/2021/06/21/breaking-news/3-killed-in-denver-area-shooting-including-officer-suspect/
Unscrapable content,https://www.startribune.com/3-killed-in-denver-area-shooting-including-officer-suspect/600070548/
Unscrapable content,https://www.sfgate.com/news/article/Police-seek-motive-in-deadly-San-Francisco-Bay-16265079.php
Unscrapable content,https://www.sfgate.com/news/article/Police-seek-motive-in-deadly-San-Francisco-Bay-16265079.php
Unscrapable content error,https://biztoc.com/p/8biebie6?ref=rss&rd=1
Unscrapable content error,https://biztoc.com/p/34kwr7h8?ref=rss&rd=1
Unscrapable content,https://www.sfgate.com/news/article/Firearm-group-sues-to-block-Nevada-s-new-ban-on-16249941.php
Unscrapable content,https://www.sfgate.com/news/article/Firearm-group-sues-to-block-Nevada-s-new-ban-on-16249941.php
Unscrapable content error,https://www.latimes.com/entertainment-arts/movies/story/2021-06-15/review-hitmans-wifes-bodyguard-salma-hayek-samuel-l-jackson-ryan-reynolds
Unscrapable content,https://www.cbsnews.com/video/chicago-southside-mass-shooting-4-dead/
Unscrapable content,https://www.cbsnews.com/video/tree-of-life-synagogues-new-beginning-after-deadly-mass-shooting/
Unscrapable content,https://www.sfgate.com/news/article/Hours-after-4-killed-in-Chicago-5-more-hurt-in-16251873.php
Unscrapable content,https://www.sfgate.com/news/article/Hours-after-4-killed-in-Chicago-5-more-hurt-in-16251873.php
Unscrapable content,https://www.startribune.com/hours-after-4-killed-in-chicago-5-more-hurt-in-shooting/600068762/
Unscrapable content,https://www.sfgate.com/news/article/Congress-designating-Pulse-massacre-site-a-16252532.php
Unscrapable content,https://www.sfgate.com/news/article/Congress-designating-Pulse-massacre-site-a-16252532.php
Unscrapable content,https://www.sfgate.com/news/article/Police-Fatal-Austin-mass-shooting-arose-from-a-16253338.php
Unscrapable content,https://www.sfgate.com/news/article/Police-Fatal-Austin-mass-shooting-arose-from-a-16253338.php
Unscrapable content,https://www.startribune.com/police-fatal-austin-mass-shooting-arose-from-a-teenage-feud/600068993/
Unscrapable content error,https://www.staradvertiser.com/2021/06/16/breaking-news/police-say-austin-mass-shooting-arose-from-a-teenage-feud/
Unscrapable content error,https://www.post-gazette.com/news/crime-courts/2021/06/16/chicago-mass-shooting-8-shot-4-killed-four-hurt-englewood/stories/202106160184
Unscrapable content error,https://www.latimes.com/entertainment-arts/music/story/2021-06-17/bo-burnham-inside-netflix-special-music-covid
Unscrapable content,https://www.sfgate.com/news/article/Police-4-slain-in-Chicago-mass-killing-all-shot-16255122.php
Unscrapable content,https://www.sfgate.com/news/article/Police-4-slain-in-Chicago-mass-killing-all-shot-16255122.php
Unscrapable content,https://www.startribune.com/police-4-slain-in-chicago-mass-killing-all-shot-in-head/600069265/
Unscrapable content,https://www.cbsnews.com/video/charleston-shooting-victims-family-members-share-how-they-are-moving-forward/
Unscrapable content error,http://www.realclearpolitics.com/video/2021/06/17/tucker_carlson_americas_worst_mayor_lori_lightfoot_is_demented_and_she_needs_help.html
Unscrapable content,http://rss.cnn.com/~r/rss/cnn_us/~3/5x_k5v8D9RQ/
Unscrapable content error,https://biztoc.com/p/yc3ht8pv?ref=rss&rd=1
Unscrapable content,https://www.sfgate.com/news/article/Colorado-governor-signs-3-gun-bills-into-law-16259673.php
Unscrapable content,https://www.sfgate.com/news/article/Colorado-governor-signs-3-gun-bills-into-law-16259673.php
Unscrapable content error,https://biztoc.com/p/rbq6wxdx?ref=rss&rd=1
Unscrapable content,https://www.sfgate.com/news/article/Another-victim-dies-from-last-week-s-Chicago-mass-16260670.php
Unscrapable content,https://www.sfgate.com/news/article/Another-victim-dies-from-last-week-s-Chicago-mass-16260670.php
Unscrapable content error,https://politicalwire.com/2021/06/21/colorado-lets-cities-set-their-own-gun-laws/
Unscrapable content error,https://www.google.com/url?rct=j&sa=t&url=https://www.tampabay.com/news/breaking-news/2021/06/21/1-killed-several-shot-at-florida-fathers-day-event-deputies-say/&ct=ga&cd=CAIyGjUwNWU3NGI2NWFiYWI5NjY6Y29tOmVuOlVT&usg=AFQjCNH--kcWrcEt6K2KqtqyCHPE8XDFtQ
Unscrapable content,https://www.sfgate.com/news/article/Officer-who-owns-house-where-shooting-occurred-16263489.php
Unscrapable content,https://www.sfgate.com/news/article/Officer-who-owns-house-where-shooting-occurred-16263489.php
Unscrapable content error,https://www.latimes.com/california/story/2021-06-21/appeals-court-blocks-judges-decision-to-overturn-states-assault-weapons-ban
Unscrapable content error,https://www.staradvertiser.com/2021/06/21/breaking-news/3-killed-in-denver-area-shooting-including-officer-suspect/
Unscrapable content,https://www.startribune.com/3-killed-in-denver-area-shooting-including-officer-suspect/600070548/
Unscrapable content,https://www.sfgate.com/news/article/Police-seek-motive-in-deadly-San-Francisco-Bay-16265079.php
Unscrapable content,https://www.sfgate.com/news/article/Police-seek-motive-in-deadly-San-Francisco-Bay-16265079.php
Unscrapable content error,https://biztoc.com/p/8biebie6?ref=rss&rd=1
Unscrapable content error,https://biztoc.com/p/34kwr7h8?ref=rss&rd=1
Unscrapable content,https://www.sfgate.com/news/article/Firearm-group-sues-to-block-Nevada-s-new-ban-on-16249941.php
Unscrapable content,https://www.sfgate.com/news/article/Firearm-group-sues-to-block-Nevada-s-new-ban-on-16249941.php
Unscrapable content error,https://www.latimes.com/entertainment-arts/movies/story/2021-06-15/review-hitmans-wifes-bodyguard-salma-hayek-samuel-l-jackson-ryan-reynolds
Unscrapable content,https://www.cbsnews.com/video/chicago-southside-mass-shooting-4-dead/
Unscrapable content,https://www.cbsnews.com/video/tree-of-life-synagogues-new-beginning-after-deadly-mass-shooting/
Unscrapable content,https://www.sfgate.com/news/article/Hours-after-4-killed-in-Chicago-5-more-hurt-in-16251873.php
Unscrapable content,https://www.sfgate.com/news/article/Hours-after-4-killed-in-Chicago-5-more-hurt-in-16251873.php
Unscrapable content,https://www.startribune.com/hours-after-4-killed-in-chicago-5-more-hurt-in-shooting/600068762/
Unscrapable content,https://www.sfgate.com/news/article/Congress-designating-Pulse-massacre-site-a-16252532.php
Unscrapable content,https://www.sfgate.com/news/article/Congress-designating-Pulse-massacre-site-a-16252532.php
Unscrapable content,https://www.sfgate.com/news/article/Police-Fatal-Austin-mass-shooting-arose-from-a-16253338.php
Unscrapable content,https://www.sfgate.com/news/article/Police-Fatal-Austin-mass-shooting-arose-from-a-16253338.php
Unscrapable content,https://www.startribune.com/police-fatal-austin-mass-shooting-arose-from-a-teenage-feud/600068993/
Unscrapable content error,https://www.staradvertiser.com/2021/06/16/breaking-news/police-say-austin-mass-shooting-arose-from-a-teenage-feud/
Unscrapable content error,https://www.post-gazette.com/news/crime-courts/2021/06/16/chicago-mass-shooting-8-shot-4-killed-four-hurt-englewood/stories/202106160184
Unscrapable content error,https://www.latimes.com/entertainment-arts/music/story/2021-06-17/bo-burnham-inside-netflix-special-music-covid
Unscrapable content,https://www.sfgate.com/news/article/Police-4-slain-in-Chicago-mass-killing-all-shot-16255122.php
Unscrapable content,https://www.sfgate.com/news/article/Police-4-slain-in-Chicago-mass-killing-all-shot-16255122.php
Unscrapable content,https://www.startribune.com/police-4-slain-in-chicago-mass-killing-all-shot-in-head/600069265/
Unscrapable content,https://www.cbsnews.com/video/charleston-shooting-victims-family-members-share-how-they-are-moving-forward/
Unscrapable content error,http://www.realclearpolitics.com/video/2021/06/17/tucker_carlson_americas_worst_mayor_lori_lightfoot_is_demented_and_she_needs_help.html
Unscrapable content,http://rss.cnn.com/~r/rss/cnn_us/~3/5x_k5v8D9RQ/
Unscrapable content error,https://biztoc.com/p/yc3ht8pv?ref=rss&rd=1
Unscrapable content,https://www.sfgate.com/news/article/Colorado-governor-signs-3-gun-bills-into-law-16259673.php
Unscrapable content,https://www.sfgate.com/news/article/Colorado-governor-signs-3-gun-bills-into-law-16259673.php
Unscrapable content error,https://biztoc.com/p/rbq6wxdx?ref=rss&rd=1
Unscrapable content,https://www.sfgate.com/news/article/Another-victim-dies-from-last-week-s-Chicago-mass-16260670.php
Unscrapable content,https://www.sfgate.com/news/article/Another-victim-dies-from-last-week-s-Chicago-mass-16260670.php
Unscrapable content error,https://politicalwire.com/2021/06/21/colorado-lets-cities-set-their-own-gun-laws/
Unscrapable content error,https://www.google.com/url?rct=j&sa=t&url=https://www.tampabay.com/news/breaking-news/2021/06/21/1-killed-several-shot-at-florida-fathers-day-event-deputies-say/&ct=ga&cd=CAIyGjUwNWU3NGI2NWFiYWI5NjY6Y29tOmVuOlVT&usg=AFQjCNH--kcWrcEt6K2KqtqyCHPE8XDFtQ
Unscrapable content,https://www.sfgate.com/news/article/Officer-who-owns-house-where-shooting-occurred-16263489.php
Unscrapable content,https://www.sfgate.com/news/article/Officer-who-owns-house-where-shooting-occurred-16263489.php
Unscrapable content error,https://www.latimes.com/california/story/2021-06-21/appeals-court-blocks-judges-decision-to-overturn-states-assault-weapons-ban
Unscrapable content error,https://www.staradvertiser.com/2021/06/21/breaking-news/3-killed-in-denver-area-shooting-including-officer-suspect/
Unscrapable content,https://www.startribune.com/3-killed-in-denver-area-shooting-including-officer-suspect/600070548/
Unscrapable content,https://www.sfgate.com/news/article/Police-seek-motive-in-deadly-San-Francisco-Bay-16265079.php
Unscrapable content,https://www.sfgate.com/news/article/Police-seek-motive-in-deadly-San-Francisco-Bay-16265079.php
Unscrapable content error,https://biztoc.com/p/8biebie6?ref=rss&rd=1
Unscrapable content error,https://biztoc.com/p/34kwr7h8?ref=rss&rd=1
Unscrapable content,https://www.sfgate.com/news/article/Firearm-group-sues-to-block-Nevada-s-new-ban-on-16249941.php
Unscrapable content,https://www.sfgate.com/news/article/Firearm-group-sues-to-block-Nevada-s-new-ban-on-16249941.php
Unscrapable content error,https://www.latimes.com/entertainment-arts/movies/story/2021-06-15/review-hitmans-wifes-bodyguard-salma-hayek-samuel-l-jackson-ryan-reynolds
Unscrapable content,https://www.cbsnews.com/video/chicago-southside-mass-shooting-4-dead/
Unscrapable content,https://www.cbsnews.com/video/tree-of-life-synagogues-new-beginning-after-deadly-mass-shooting/
Unscrapable content,https://www.sfgate.com/news/article/Hours-after-4-killed-in-Chicago-5-more-hurt-in-16251873.php
Unscrapable content,https://www.sfgate.com/news/article/Hours-after-4-killed-in-Chicago-5-more-hurt-in-16251873.php
Unscrapable content,https://www.startribune.com/hours-after-4-killed-in-chicago-5-more-hurt-in-shooting/600068762/
Unscrapable content,https://www.sfgate.com/news/article/Congress-designating-Pulse-massacre-site-a-16252532.php
Unscrapable content,https://www.sfgate.com/news/article/Congress-designating-Pulse-massacre-site-a-16252532.php
Unscrapable content,https://www.sfgate.com/news/article/Police-Fatal-Austin-mass-shooting-arose-from-a-16253338.php
Unscrapable content,https://www.sfgate.com/news/article/Police-Fatal-Austin-mass-shooting-arose-from-a-16253338.php
Unscrapable content,https://www.startribune.com/police-fatal-austin-mass-shooting-arose-from-a-teenage-feud/600068993/
Unscrapable content error,https://www.staradvertiser.com/2021/06/16/breaking-news/police-say-austin-mass-shooting-arose-from-a-teenage-feud/
Unscrapable content error,https://www.post-gazette.com/news/crime-courts/2021/06/16/chicago-mass-shooting-8-shot-4-killed-four-hurt-englewood/stories/202106160184
Unscrapable content error,https://www.latimes.com/entertainment-arts/music/story/2021-06-17/bo-burnham-inside-netflix-special-music-covid
Unscrapable content,https://www.sfgate.com/news/article/Police-4-slain-in-Chicago-mass-killing-all-shot-16255122.php
Unscrapable content,https://www.sfgate.com/news/article/Police-4-slain-in-Chicago-mass-killing-all-shot-16255122.php
Unscrapable content,https://www.startribune.com/police-4-slain-in-chicago-mass-killing-all-shot-in-head/600069265/
Unscrapable content,https://www.cbsnews.com/video/charleston-shooting-victims-family-members-share-how-they-are-moving-forward/
Unscrapable content error,http://www.realclearpolitics.com/video/2021/06/17/tucker_carlson_americas_worst_mayor_lori_lightfoot_is_demented_and_she_needs_help.html
Unscrapable content,http://rss.cnn.com/~r/rss/cnn_us/~3/5x_k5v8D9RQ/
Unscrapable content error,https://biztoc.com/p/yc3ht8pv?ref=rss&rd=1
Unscrapable content,https://www.sfgate.com/news/article/Colorado-governor-signs-3-gun-bills-into-law-16259673.php
Unscrapable content,https://www.sfgate.com/news/article/Colorado-governor-signs-3-gun-bills-into-law-16259673.php
Unscrapable content error,https://biztoc.com/p/rbq6wxdx?ref=rss&rd=1
Unscrapable content,https://www.sfgate.com/news/article/Another-victim-dies-from-last-week-s-Chicago-mass-16260670.php
Unscrapable content,https://www.sfgate.com/news/article/Another-victim-dies-from-last-week-s-Chicago-mass-16260670.php
Unscrapable content error,https://politicalwire.com/2021/06/21/colorado-lets-cities-set-their-own-gun-laws/
Unscrapable content error,https://www.google.com/url?rct=j&sa=t&url=https://www.tampabay.com/news/breaking-news/2021/06/21/1-killed-several-shot-at-florida-fathers-day-event-deputies-say/&ct=ga&cd=CAIyGjUwNWU3NGI2NWFiYWI5NjY6Y29tOmVuOlVT&usg=AFQjCNH--kcWrcEt6K2KqtqyCHPE8XDFtQ
Unscrapable content,https://www.sfgate.com/news/article/Officer-who-owns-house-where-shooting-occurred-16263489.php
Unscrapable content,https://www.sfgate.com/news/article/Officer-who-owns-house-where-shooting-occurred-16263489.php
Unscrapable content error,https://www.latimes.com/california/story/2021-06-21/appeals-court-blocks-judges-decision-to-overturn-states-assault-weapons-ban
Unscrapable content error,https://www.staradvertiser.com/2021/06/21/breaking-news/3-killed-in-denver-area-shooting-including-officer-suspect/
Unscrapable content,https://www.startribune.com/3-killed-in-denver-area-shooting-including-officer-suspect/600070548/
Unscrapable content,https://www.sfgate.com/news/article/Police-seek-motive-in-deadly-San-Francisco-Bay-16265079.php
Unscrapable content,https://www.sfgate.com/news/article/Police-seek-motive-in-deadly-San-Francisco-Bay-16265079.php
Unscrapable content error,https://biztoc.com/p/8biebie6?ref=rss&rd=1
Unscrapable content error,https://biztoc.com/p/34kwr7h8?ref=rss&rd=1
Unscrapable content,https://www.sfgate.com/news/article/Firearm-group-sues-to-block-Nevada-s-new-ban-on-16249941.php
Unscrapable content,https://www.sfgate.com/news/article/Firearm-group-sues-to-block-Nevada-s-new-ban-on-16249941.php
Unscrapable content error,https://www.latimes.com/entertainment-arts/movies/story/2021-06-15/review-hitmans-wifes-bodyguard-salma-hayek-samuel-l-jackson-ryan-reynolds
Unscrapable content,https://www.cbsnews.com/video/chicago-southside-mass-shooting-4-dead/
Unscrapable content,https://www.cbsnews.com/video/tree-of-life-synagogues-new-beginning-after-deadly-mass-shooting/
Unscrapable content,https://www.sfgate.com/news/article/Hours-after-4-killed-in-Chicago-5-more-hurt-in-16251873.php
Unscrapable content,https://www.sfgate.com/news/article/Hours-after-4-killed-in-Chicago-5-more-hurt-in-16251873.php
Unscrapable content,https://www.startribune.com/hours-after-4-killed-in-chicago-5-more-hurt-in-shooting/600068762/
Unscrapable content,https://www.sfgate.com/news/article/Congress-designating-Pulse-massacre-site-a-16252532.php
Unscrapable content,https://www.sfgate.com/news/article/Congress-designating-Pulse-massacre-site-a-16252532.php
Unscrapable content,https://www.sfgate.com/news/article/Police-Fatal-Austin-mass-shooting-arose-from-a-16253338.php
Unscrapable content,https://www.sfgate.com/news/article/Police-Fatal-Austin-mass-shooting-arose-from-a-16253338.php
Unscrapable content,https://www.startribune.com/police-fatal-austin-mass-shooting-arose-from-a-teenage-feud/600068993/
Unscrapable content error,https://www.staradvertiser.com/2021/06/16/breaking-news/police-say-austin-mass-shooting-arose-from-a-teenage-feud/
Unscrapable content error,https://www.post-gazette.com/news/crime-courts/2021/06/16/chicago-mass-shooting-8-shot-4-killed-four-hurt-englewood/stories/202106160184
Unscrapable content error,https://www.latimes.com/entertainment-arts/music/story/2021-06-17/bo-burnham-inside-netflix-special-music-covid
Unscrapable content,https://www.sfgate.com/news/article/Police-4-slain-in-Chicago-mass-killing-all-shot-16255122.php
Unscrapable content,https://www.sfgate.com/news/article/Police-4-slain-in-Chicago-mass-killing-all-shot-16255122.php
Unscrapable content,https://www.startribune.com/police-4-slain-in-chicago-mass-killing-all-shot-in-head/600069265/
Unscrapable content,https://www.cbsnews.com/video/charleston-shooting-victims-family-members-share-how-they-are-moving-forward/
Unscrapable content error,http://www.realclearpolitics.com/video/2021/06/17/tucker_carlson_americas_worst_mayor_lori_lightfoot_is_demented_and_she_needs_help.html
Unscrapable content,http://rss.cnn.com/~r/rss/cnn_us/~3/5x_k5v8D9RQ/
Unscrapable content error,https://biztoc.com/p/yc3ht8pv?ref=rss&rd=1
Unscrapable content,https://www.sfgate.com/news/article/Colorado-governor-signs-3-gun-bills-into-law-16259673.php
Unscrapable content,https://www.sfgate.com/news/article/Colorado-governor-signs-3-gun-bills-into-law-16259673.php
Unscrapable content error,https://biztoc.com/p/rbq6wxdx?ref=rss&rd=1
Unscrapable content,https://www.sfgate.com/news/article/Another-victim-dies-from-last-week-s-Chicago-mass-16260670.php
Unscrapable content,https://www.sfgate.com/news/article/Another-victim-dies-from-last-week-s-Chicago-mass-16260670.php
Unscrapable content error,https://politicalwire.com/2021/06/21/colorado-lets-cities-set-their-own-gun-laws/
Unscrapable content error,https://www.google.com/url?rct=j&sa=t&url=https://www.tampabay.com/news/breaking-news/2021/06/21/1-killed-several-shot-at-florida-fathers-day-event-deputies-say/&ct=ga&cd=CAIyGjUwNWU3NGI2NWFiYWI5NjY6Y29tOmVuOlVT&usg=AFQjCNH--kcWrcEt6K2KqtqyCHPE8XDFtQ
Unscrapable content,https://www.sfgate.com/news/article/Officer-who-owns-house-where-shooting-occurred-16263489.php
Unscrapable content,https://www.sfgate.com/news/article/Officer-who-owns-house-where-shooting-occurred-16263489.php
Unscrapable content error,https://www.latimes.com/california/story/2021-06-21/appeals-court-blocks-judges-decision-to-overturn-states-assault-weapons-ban
Unscrapable content error,https://www.staradvertiser.com/2021/06/21/breaking-news/3-killed-in-denver-area-shooting-including-officer-suspect/
Unscrapable content,https://www.startribune.com/3-killed-in-denver-area-shooting-including-officer-suspect/600070548/
Unscrapable content,https://www.sfgate.com/news/article/Police-seek-motive-in-deadly-San-Francisco-Bay-16265079.php
Unscrapable content,https://www.sfgate.com/news/article/Police-seek-motive-in-deadly-San-Francisco-Bay-16265079.php
Unscrapable content error,https://biztoc.com/p/8biebie6?ref=rss&rd=1
Unscrapable content error,https://biztoc.com/p/34kwr7h8?ref=rss&rd=1
Unscrapable content,https://www.sfgate.com/news/article/Firearm-group-sues-to-block-Nevada-s-new-ban-on-16249941.php
Unscrapable content,https://www.sfgate.com/news/article/Firearm-group-sues-to-block-Nevada-s-new-ban-on-16249941.php
Unscrapable content error,https://www.latimes.com/entertainment-arts/movies/story/2021-06-15/review-hitmans-wifes-bodyguard-salma-hayek-samuel-l-jackson-ryan-reynolds
Unscrapable content,https://www.cbsnews.com/video/chicago-southside-mass-shooting-4-dead/
Unscrapable content,https://www.cbsnews.com/video/tree-of-life-synagogues-new-beginning-after-deadly-mass-shooting/
Unscrapable content,https://www.sfgate.com/news/article/Hours-after-4-killed-in-Chicago-5-more-hurt-in-16251873.php
Unscrapable content,https://www.sfgate.com/news/article/Hours-after-4-killed-in-Chicago-5-more-hurt-in-16251873.php
Unscrapable content,https://www.startribune.com/hours-after-4-killed-in-chicago-5-more-hurt-in-shooting/600068762/
Unscrapable content,https://www.sfgate.com/news/article/Congress-designating-Pulse-massacre-site-a-16252532.php
Unscrapable content,https://www.sfgate.com/news/article/Congress-designating-Pulse-massacre-site-a-16252532.php
Unscrapable content,https://www.sfgate.com/news/article/Police-Fatal-Austin-mass-shooting-arose-from-a-16253338.php
Unscrapable content,https://www.sfgate.com/news/article/Police-Fatal-Austin-mass-shooting-arose-from-a-16253338.php
Unscrapable content,https://www.startribune.com/police-fatal-austin-mass-shooting-arose-from-a-teenage-feud/600068993/
Unscrapable content error,https://www.staradvertiser.com/2021/06/16/breaking-news/police-say-austin-mass-shooting-arose-from-a-teenage-feud/
Unscrapable content error,https://www.post-gazette.com/news/crime-courts/2021/06/16/chicago-mass-shooting-8-shot-4-killed-four-hurt-englewood/stories/202106160184
Unscrapable content error,https://www.latimes.com/entertainment-arts/music/story/2021-06-17/bo-burnham-inside-netflix-special-music-covid
Unscrapable content,https://www.sfgate.com/news/article/Police-4-slain-in-Chicago-mass-killing-all-shot-16255122.php
Unscrapable content,https://www.sfgate.com/news/article/Police-4-slain-in-Chicago-mass-killing-all-shot-16255122.php
Unscrapable content,https://www.startribune.com/police-4-slain-in-chicago-mass-killing-all-shot-in-head/600069265/
Unscrapable content,https://www.cbsnews.com/video/charleston-shooting-victims-family-members-share-how-they-are-moving-forward/
Unscrapable content error,http://www.realclearpolitics.com/video/2021/06/17/tucker_carlson_americas_worst_mayor_lori_lightfoot_is_demented_and_she_needs_help.html
Unscrapable content,http://rss.cnn.com/~r/rss/cnn_us/~3/5x_k5v8D9RQ/
Unscrapable content error,https://biztoc.com/p/yc3ht8pv?ref=rss&rd=1
Unscrapable content,https://www.sfgate.com/news/article/Colorado-governor-signs-3-gun-bills-into-law-16259673.php
Unscrapable content,https://www.sfgate.com/news/article/Colorado-governor-signs-3-gun-bills-into-law-16259673.php
Unscrapable content error,https://biztoc.com/p/rbq6wxdx?ref=rss&rd=1
Unscrapable content,https://www.sfgate.com/news/article/Another-victim-dies-from-last-week-s-Chicago-mass-16260670.php
Unscrapable content,https://www.sfgate.com/news/article/Another-victim-dies-from-last-week-s-Chicago-mass-16260670.php
Unscrapable content error,https://politicalwire.com/2021/06/21/colorado-lets-cities-set-their-own-gun-laws/
Unscrapable content error,https://www.google.com/url?rct=j&sa=t&url=https://www.tampabay.com/news/breaking-news/2021/06/21/1-killed-several-shot-at-florida-fathers-day-event-deputies-say/&ct=ga&cd=CAIyGjUwNWU3NGI2NWFiYWI5NjY6Y29tOmVuOlVT&usg=AFQjCNH--kcWrcEt6K2KqtqyCHPE8XDFtQ
Unscrapable content,https://www.sfgate.com/news/article/Officer-who-owns-house-where-shooting-occurred-16263489.php
Unscrapable content,https://www.sfgate.com/news/article/Officer-who-owns-house-where-shooting-occurred-16263489.php
Unscrapable content error,https://www.latimes.com/california/story/2021-06-21/appeals-court-blocks-judges-decision-to-overturn-states-assault-weapons-ban
Unscrapable content error,https://www.staradvertiser.com/2021/06/21/breaking-news/3-killed-in-denver-area-shooting-including-officer-suspect/
Unscrapable content,https://www.startribune.com/3-killed-in-denver-area-shooting-including-officer-suspect/600070548/
Unscrapable content,https://www.sfgate.com/news/article/Police-seek-motive-in-deadly-San-Francisco-Bay-16265079.php
Unscrapable content,https://www.sfgate.com/news/article/Police-seek-motive-in-deadly-San-Francisco-Bay-16265079.php
Unscrapable content error,https://biztoc.com/p/8biebie6?ref=rss&rd=1
Unscrapable content error,https://biztoc.com/p/34kwr7h8?ref=rss&rd=1
Unscrapable content,https://www.sfgate.com/news/article/Firearm-group-sues-to-block-Nevada-s-new-ban-on-16249941.php
Unscrapable content,https://www.sfgate.com/news/article/Firearm-group-sues-to-block-Nevada-s-new-ban-on-16249941.php
Unscrapable content error,https://www.latimes.com/entertainment-arts/movies/story/2021-06-15/review-hitmans-wifes-bodyguard-salma-hayek-samuel-l-jackson-ryan-reynolds
Unscrapable content,https://www.cbsnews.com/video/chicago-southside-mass-shooting-4-dead/
Unscrapable content,https://www.cbsnews.com/video/tree-of-life-synagogues-new-beginning-after-deadly-mass-shooting/
Unscrapable content,https://www.sfgate.com/news/article/Hours-after-4-killed-in-Chicago-5-more-hurt-in-16251873.php
Unscrapable content,https://www.sfgate.com/news/article/Hours-after-4-killed-in-Chicago-5-more-hurt-in-16251873.php
Unscrapable content,https://www.startribune.com/hours-after-4-killed-in-chicago-5-more-hurt-in-shooting/600068762/
Unscrapable content,https://www.sfgate.com/news/article/Congress-designating-Pulse-massacre-site-a-16252532.php
Unscrapable content,https://www.sfgate.com/news/article/Congress-designating-Pulse-massacre-site-a-16252532.php
Unscrapable content,https://www.sfgate.com/news/article/Police-Fatal-Austin-mass-shooting-arose-from-a-16253338.php
Unscrapable content,https://www.sfgate.com/news/article/Police-Fatal-Austin-mass-shooting-arose-from-a-16253338.php
Unscrapable content,https://www.startribune.com/police-fatal-austin-mass-shooting-arose-from-a-teenage-feud/600068993/
Unscrapable content error,https://www.staradvertiser.com/2021/06/16/breaking-news/police-say-austin-mass-shooting-arose-from-a-teenage-feud/
Unscrapable content error,https://www.post-gazette.com/news/crime-courts/2021/06/16/chicago-mass-shooting-8-shot-4-killed-four-hurt-englewood/stories/202106160184
Unscrapable content error,https://www.latimes.com/entertainment-arts/music/story/2021-06-17/bo-burnham-inside-netflix-special-music-covid
Unscrapable content,https://www.sfgate.com/news/article/Police-4-slain-in-Chicago-mass-killing-all-shot-16255122.php
Unscrapable content,https://www.sfgate.com/news/article/Police-4-slain-in-Chicago-mass-killing-all-shot-16255122.php
Unscrapable content,https://www.startribune.com/police-4-slain-in-chicago-mass-killing-all-shot-in-head/600069265/
Unscrapable content,https://www.cbsnews.com/video/charleston-shooting-victims-family-members-share-how-they-are-moving-forward/
Unscrapable content error,http://www.realclearpolitics.com/video/2021/06/17/tucker_carlson_americas_worst_mayor_lori_lightfoot_is_demented_and_she_needs_help.html
Unscrapable content,http://rss.cnn.com/~r/rss/cnn_us/~3/5x_k5v8D9RQ/
Unscrapable content error,https://biztoc.com/p/yc3ht8pv?ref=rss&rd=1
Unscrapable content,https://www.sfgate.com/news/article/Colorado-governor-signs-3-gun-bills-into-law-16259673.php
Unscrapable content,https://www.sfgate.com/news/article/Colorado-governor-signs-3-gun-bills-into-law-16259673.php
Unscrapable content error,https://biztoc.com/p/rbq6wxdx?ref=rss&rd=1
Unscrapable content,https://www.sfgate.com/news/article/Another-victim-dies-from-last-week-s-Chicago-mass-16260670.php
Unscrapable content,https://www.sfgate.com/news/article/Another-victim-dies-from-last-week-s-Chicago-mass-16260670.php
Unscrapable content error,https://politicalwire.com/2021/06/21/colorado-lets-cities-set-their-own-gun-laws/
Unscrapable content error,https://www.google.com/url?rct=j&sa=t&url=https://www.tampabay.com/news/breaking-news/2021/06/21/1-killed-several-shot-at-florida-fathers-day-event-deputies-say/&ct=ga&cd=CAIyGjUwNWU3NGI2NWFiYWI5NjY6Y29tOmVuOlVT&usg=AFQjCNH--kcWrcEt6K2KqtqyCHPE8XDFtQ
Unscrapable content,https://www.sfgate.com/news/article/Officer-who-owns-house-where-shooting-occurred-16263489.php
Unscrapable content,https://www.sfgate.com/news/article/Officer-who-owns-house-where-shooting-occurred-16263489.php
Unscrapable content error,https://www.latimes.com/california/story/2021-06-21/appeals-court-blocks-judges-decision-to-overturn-states-assault-weapons-ban
Unscrapable content error,https://www.staradvertiser.com/2021/06/21/breaking-news/3-killed-in-denver-area-shooting-including-officer-suspect/
Unscrapable content,https://www.startribune.com/3-killed-in-denver-area-shooting-including-officer-suspect/600070548/
Unscrapable content,https://www.sfgate.com/news/article/Police-seek-motive-in-deadly-San-Francisco-Bay-16265079.php
Unscrapable content,https://www.sfgate.com/news/article/Police-seek-motive-in-deadly-San-Francisco-Bay-16265079.php
Unscrapable content error,https://biztoc.com/p/8biebie6?ref=rss&rd=1
Unscrapable content error,https://biztoc.com/p/34kwr7h8?ref=rss&rd=1
Unscrapable content,https://www.sfgate.com/news/article/Firearm-group-sues-to-block-Nevada-s-new-ban-on-16249941.php
Unscrapable content,https://www.sfgate.com/news/article/Firearm-group-sues-to-block-Nevada-s-new-ban-on-16249941.php
Unscrapable content error,https://www.latimes.com/entertainment-arts/movies/story/2021-06-15/review-hitmans-wifes-bodyguard-salma-hayek-samuel-l-jackson-ryan-reynolds
Unscrapable content,https://www.cbsnews.com/video/chicago-southside-mass-shooting-4-dead/
Unscrapable content,https://www.cbsnews.com/video/tree-of-life-synagogues-new-beginning-after-deadly-mass-shooting/
Unscrapable content,https://www.sfgate.com/news/article/Hours-after-4-killed-in-Chicago-5-more-hurt-in-16251873.php
Unscrapable content,https://www.sfgate.com/news/article/Hours-after-4-killed-in-Chicago-5-more-hurt-in-16251873.php
Unscrapable content,https://www.startribune.com/hours-after-4-killed-in-chicago-5-more-hurt-in-shooting/600068762/
Unscrapable content,https://www.sfgate.com/news/article/Congress-designating-Pulse-massacre-site-a-16252532.php
Unscrapable content,https://www.sfgate.com/news/article/Congress-designating-Pulse-massacre-site-a-16252532.php
Unscrapable content,https://www.sfgate.com/news/article/Police-Fatal-Austin-mass-shooting-arose-from-a-16253338.php
Unscrapable content,https://www.sfgate.com/news/article/Police-Fatal-Austin-mass-shooting-arose-from-a-16253338.php
Unscrapable content,https://www.startribune.com/police-fatal-austin-mass-shooting-arose-from-a-teenage-feud/600068993/
Unscrapable content error,https://www.staradvertiser.com/2021/06/16/breaking-news/police-say-austin-mass-shooting-arose-from-a-teenage-feud/
Unscrapable content error,https://www.post-gazette.com/news/crime-courts/2021/06/16/chicago-mass-shooting-8-shot-4-killed-four-hurt-englewood/stories/202106160184
Unscrapable content error,https://www.latimes.com/entertainment-arts/music/story/2021-06-17/bo-burnham-inside-netflix-special-music-covid
Unscrapable content,https://www.sfgate.com/news/article/Police-4-slain-in-Chicago-mass-killing-all-shot-16255122.php
Unscrapable content,https://www.sfgate.com/news/article/Police-4-slain-in-Chicago-mass-killing-all-shot-16255122.php
Unscrapable content,https://www.startribune.com/police-4-slain-in-chicago-mass-killing-all-shot-in-head/600069265/
Unscrapable content,https://www.cbsnews.com/video/charleston-shooting-victims-family-members-share-how-they-are-moving-forward/
Unscrapable content error,http://www.realclearpolitics.com/video/2021/06/17/tucker_carlson_americas_worst_mayor_lori_lightfoot_is_demented_and_she_needs_help.html
Unscrapable content,http://rss.cnn.com/~r/rss/cnn_us/~3/5x_k5v8D9RQ/
Unscrapable content error,https://biztoc.com/p/yc3ht8pv?ref=rss&rd=1
Unscrapable content,https://www.sfgate.com/news/article/Colorado-governor-signs-3-gun-bills-into-law-16259673.php
Unscrapable content,https://www.sfgate.com/news/article/Colorado-governor-signs-3-gun-bills-into-law-16259673.php
Unscrapable content error,https://biztoc.com/p/rbq6wxdx?ref=rss&rd=1
Unscrapable content,https://www.sfgate.com/news/article/Another-victim-dies-from-last-week-s-Chicago-mass-16260670.php
Unscrapable content,https://www.sfgate.com/news/article/Another-victim-dies-from-last-week-s-Chicago-mass-16260670.php
Unscrapable content error,https://politicalwire.com/2021/06/21/colorado-lets-cities-set-their-own-gun-laws/
Unscrapable content error,https://www.google.com/url?rct=j&sa=t&url=https://www.tampabay.com/news/breaking-news/2021/06/21/1-killed-several-shot-at-florida-fathers-day-event-deputies-say/&ct=ga&cd=CAIyGjUwNWU3NGI2NWFiYWI5NjY6Y29tOmVuOlVT&usg=AFQjCNH--kcWrcEt6K2KqtqyCHPE8XDFtQ
Unscrapable content,https://www.sfgate.com/news/article/Officer-who-owns-house-where-shooting-occurred-16263489.php
Unscrapable content,https://www.sfgate.com/news/article/Officer-who-owns-house-where-shooting-occurred-16263489.php
Unscrapable content error,https://www.latimes.com/california/story/2021-06-21/appeals-court-blocks-judges-decision-to-overturn-states-assault-weapons-ban
Unscrapable content error,https://www.staradvertiser.com/2021/06/21/breaking-news/3-killed-in-denver-area-shooting-including-officer-suspect/
Unscrapable content,https://www.startribune.com/3-killed-in-denver-area-shooting-including-officer-suspect/600070548/
Unscrapable content,https://www.sfgate.com/news/article/Police-seek-motive-in-deadly-San-Francisco-Bay-16265079.php
Unscrapable content,https://www.sfgate.com/news/article/Police-seek-motive-in-deadly-San-Francisco-Bay-16265079.php
Unscrapable content error,https://biztoc.com/p/8biebie6?ref=rss&rd=1
Unscrapable content error,https://biztoc.com/p/34kwr7h8?ref=rss&rd=1
Unscrapable content,https://www.sfgate.com/news/article/Firearm-group-sues-to-block-Nevada-s-new-ban-on-16249941.php
Unscrapable content,https://www.sfgate.com/news/article/Firearm-group-sues-to-block-Nevada-s-new-ban-on-16249941.php
Unscrapable content error,https://www.latimes.com/entertainment-arts/movies/story/2021-06-15/review-hitmans-wifes-bodyguard-salma-hayek-samuel-l-jackson-ryan-reynolds
Unscrapable content,https://www.cbsnews.com/video/chicago-southside-mass-shooting-4-dead/
Unscrapable content,https://www.cbsnews.com/video/tree-of-life-synagogues-new-beginning-after-deadly-mass-shooting/
Unscrapable content,https://www.sfgate.com/news/article/Hours-after-4-killed-in-Chicago-5-more-hurt-in-16251873.php
Unscrapable content,https://www.sfgate.com/news/article/Hours-after-4-killed-in-Chicago-5-more-hurt-in-16251873.php
Unscrapable content,https://www.startribune.com/hours-after-4-killed-in-chicago-5-more-hurt-in-shooting/600068762/
Unscrapable content,https://www.sfgate.com/news/article/Congress-designating-Pulse-massacre-site-a-16252532.php
Unscrapable content,https://www.sfgate.com/news/article/Congress-designating-Pulse-massacre-site-a-16252532.php
Unscrapable content,https://www.sfgate.com/news/article/Police-Fatal-Austin-mass-shooting-arose-from-a-16253338.php
Unscrapable content,https://www.sfgate.com/news/article/Police-Fatal-Austin-mass-shooting-arose-from-a-16253338.php
Unscrapable content,https://www.startribune.com/police-fatal-austin-mass-shooting-arose-from-a-teenage-feud/600068993/
Unscrapable content error,https://www.staradvertiser.com/2021/06/16/breaking-news/police-say-austin-mass-shooting-arose-from-a-teenage-feud/
Unscrapable content error,https://www.post-gazette.com/news/crime-courts/2021/06/16/chicago-mass-shooting-8-shot-4-killed-four-hurt-englewood/stories/202106160184
Unscrapable content error,https://www.latimes.com/entertainment-arts/music/story/2021-06-17/bo-burnham-inside-netflix-special-music-covid
Unscrapable content,https://www.sfgate.com/news/article/Police-4-slain-in-Chicago-mass-killing-all-shot-16255122.php
Unscrapable content,https://www.sfgate.com/news/article/Police-4-slain-in-Chicago-mass-killing-all-shot-16255122.php
Unscrapable content,https://www.startribune.com/police-4-slain-in-chicago-mass-killing-all-shot-in-head/600069265/
Unscrapable content,https://www.cbsnews.com/video/charleston-shooting-victims-family-members-share-how-they-are-moving-forward/
Unscrapable content error,http://www.realclearpolitics.com/video/2021/06/17/tucker_carlson_americas_worst_mayor_lori_lightfoot_is_demented_and_she_needs_help.html
Unscrapable content,http://rss.cnn.com/~r/rss/cnn_us/~3/5x_k5v8D9RQ/
Unscrapable content error,https://biztoc.com/p/yc3ht8pv?ref=rss&rd=1
Unscrapable content,https://www.sfgate.com/news/article/Colorado-governor-signs-3-gun-bills-into-law-16259673.php
Unscrapable content,https://www.sfgate.com/news/article/Colorado-governor-signs-3-gun-bills-into-law-16259673.php
Unscrapable content error,https://biztoc.com/p/rbq6wxdx?ref=rss&rd=1
Unscrapable content,https://www.sfgate.com/news/article/Another-victim-dies-from-last-week-s-Chicago-mass-16260670.php
Unscrapable content,https://www.sfgate.com/news/article/Another-victim-dies-from-last-week-s-Chicago-mass-16260670.php
Unscrapable content error,https://politicalwire.com/2021/06/21/colorado-lets-cities-set-their-own-gun-laws/
Unscrapable content error,https://www.google.com/url?rct=j&sa=t&url=https://www.tampabay.com/news/breaking-news/2021/06/21/1-killed-several-shot-at-florida-fathers-day-event-deputies-say/&ct=ga&cd=CAIyGjUwNWU3NGI2NWFiYWI5NjY6Y29tOmVuOlVT&usg=AFQjCNH--kcWrcEt6K2KqtqyCHPE8XDFtQ
Unscrapable content,https://www.sfgate.com/news/article/Officer-who-owns-house-where-shooting-occurred-16263489.php
Unscrapable content,https://www.sfgate.com/news/article/Officer-who-owns-house-where-shooting-occurred-16263489.php
Unscrapable content error,https://www.latimes.com/california/story/2021-06-21/appeals-court-blocks-judges-decision-to-overturn-states-assault-weapons-ban
Unscrapable content error,https://www.staradvertiser.com/2021/06/21/breaking-news/3-killed-in-denver-area-shooting-including-officer-suspect/
Unscrapable content,https://www.startribune.com/3-killed-in-denver-area-shooting-including-officer-suspect/600070548/
Unscrapable content,https://www.sfgate.com/news/article/Police-seek-motive-in-deadly-San-Francisco-Bay-16265079.php
Unscrapable content,https://www.sfgate.com/news/article/Police-seek-motive-in-deadly-San-Francisco-Bay-16265079.php
