Timeout error,http://www.kansascity.com/2011/09/10/3133494/american-muslims-work-to-build.html#storylink=rss
Timeout error,http://www.kansascity.com/2011/09/11/3134988/nevada-guard-to-honor-comrades.html#storylink=rss
Too Many Redirects,http://rssfeeds.usatoday.com/~r/usatoday-NewsTopStories/~3/0pODvN3dmes/1
Timeout error,http://www.miamiherald.com/2011/09/15/2407912/20000-reward-offered-for-mass.html
Timeout error,http://www.miamiherald.com/2011/09/16/2410324/montana-asbestos-victims-win-43m.html
Timeout error,http://www.sacbee.com/2011/09/16/3915834/tucsons-davis-monthan-air-force.html#mi_rss=Wire%20National%20News
Timeout error,http://www.sacbee.com/2011/09/30/3950198/us-intelligence-support-claim.html#mi_rss=Wire%20National%20News
Timeout error,http://www.miamiherald.com/2011/10/05/2440308/colo-school-shooting-verdict-not.html
Timeout error,http://www.kansascity.com/2011/10/05/3189202/colo-school-shooting-verdict-not.html#storylink=rss
Timeout error,http://www.sacbee.com/2011/10/05/3963890/suspect-remains-at-large-after.html#mi_rss=Wire%20Lifestyle
Too Many Redirects,http://rssfeeds.usatoday.com/~r/usatoday-NewsTopStories/~3/CdVDPh1_KsA/1
Connection error,http://feeds.reuters.com/~r/Reuters/domesticNews/~3/4W-squzzrUI/us-tucson-evacuation-idUSTRE78R5YM20110928
Too Many Redirects,http://rssfeeds.usatoday.com/~r/usatoday-NewsTopStories/~3/ym6DoMtYIJ4/1
Timeout error,http://www.sacbee.com/2011/10/12/3976984/9-shot-in-southern-california.html#mi_rss=AP%20State%20Business%20News
Timeout error,http://www.kansascity.com/2011/10/13/3205728/witnesses-describe-chaos-of-calif.html#storylink=rss
Timeout error,http://www.miamiherald.com/2011/10/13/2452844/witnesses-describe-chaos-of-calif.html
Timeout error,http://www.sacbee.com/2011/10/13/3978957/witnesses-describe-chaos-of-calif.html#mi_rss=AP%20State%20News
Timeout error,http://www.sacbee.com/2011/11/10/4045684/apnewsbreak-83-seek-750m-for-fort.html#mi_rss=Wire%20Politics
Timeout error,http://www.kansascity.com/2011/11/09/3257097/ed-dept-investigating-penn-state.html#storylink=rss
Timeout error,http://www.miamiherald.com/2011/11/10/2496198/apnewsbreak-83-seek-750m-for-fort.html
Too Many Redirects,http://rssfeeds.usatoday.com/~r/usatoday-NewsTopStories/~3/_wY_T7xWQXo/1
Connection error,http://www.post-gazette.com/pg/11314/1188890-143.stm?cmpid=sports.xml
Timeout error,http://www.sacbee.com/2011/11/10/4045684/apnewsbreak-83-seek-750m-for-fort.html#mi_rss=Wire%20Politics
Timeout error,http://www.miamiherald.com/2011/11/10/2496198/apnewsbreak-83-seek-750m-for-fort.html
Timeout error,http://www.miamiherald.com/2011/11/14/2502147/giffords-praises-husband-as-brave.html
Timeout error,http://www.sacbee.com/2011/11/17/4062660/penn-state-scandal-puts-campus.html#mi_rss=Wire%20Sports
Timeout error,http://www.sacbee.com/2011/12/03/4097004/virginia-tech-seeks-to-block-fine.html#mi_rss=Wire%20National%20News
Timeout error,http://www.sacbee.com/2011/12/03/4097002/virginia-tech-seeks-to-block-fine.html#mi_rss=Wire%20National%20News
Connection error,http://www.post-gazette.com/pg/11314/1188890-143.stm?cmpid=sports.xml
Timeout error,http://money.usnews.com/news/articles/2011/12/8/shooting-at-virginia-tech-campus-on-lockdown?s_cid=rss:shooting-at-virginia-tech-campus-on-lockdown
Connection error,http://feeds.gawker.com/~r/gawker/full/~3/uCZts1RDXy0/what-the-hell-happened-yesterday-at-virginia-tech
Connection error,http://www.post-gazette.com/pg/11321/1190510-455-0.stm?cmpid=news.xml
Unscrapable content,http://www.buffalonews.com/911/article552525.ece
Unscrapable content error,http://feeds.washingtonpost.com/click.phdo?i=485a7c227bfc77504b4a91adf44b9cbb
Unscrapable content error,http://feeds.washingtonpost.com/click.phdo?i=6a11efa84a65139b40bef0e97f9b5dfa
Unscrapable content,"http://www.time.com/time/nation/article/0,8599,2096339,00.html?xid=rss-mostpopular"
Unscrapable content,http://www.theblaze.com/stories/2011/09/30/details-emerge-about-the-operation-that-killed-anwar-al-awlaki/
Unscrapable content error,http://hosted.ap.org/dynamic/stories/U/US_SALON_SHOOTING_SCENE?SITE=CAANR&SECTION=HOME&TEMPLATE=DEFAULT
Unscrapable content,http://harpers.org/archive/2011/10/WeeklyReview2011-10-11
Unscrapable content,http://feeds.sfgate.com/click.phdo?i=4dc105bb0664b342bcc0e75d33f7105a
Unscrapable content error,http://feeds.washingtonpost.com/click.phdo?i=1cfa93af1fe081bdc88861c4872f28a1
Unscrapable content error,"http://feeds.baltimoresun.com/~r/baltimoresun/sports/college/basketball/rss2/~3/RsUOvt8Q9po/bal-terps-recruiting-1108,0,5219010.storylink"
Unscrapable content,http://thelede.blogs.nytimes.com/2011/12/08/shots-reported-on-virginia-tech-campus/
Unscrapable content,http://thelede.blogs.nytimes.com/2011/12/08/shots-reported-on-virginia-tech-campus/
Unscrapable content,"http://www.time.com/time/nation/article/0,8599,2101919,00.html?xid=rss-mostpopular"
Unscrapable content,http://rss.csmonitor.com/~r/feeds/world/~3/k-ZmsknevRo/Norway-gunman-Breivik-makes-first-public-appearance-since-twin-terror-attacks
Unscrapable content error,"http://feedproxy.google.com/~r/orlandosentinel/jags/~3/9kTNZCS4mgQ/os-lake-brantley-shooting-threats-columbine-20111123,0,4652068.story"
Unscrapable content error,"http://feedproxy.google.com/~r/baltimoresun/news/nation/rss2/~3/KsVZkPFvX0g/sns-rt-us-eurozonetre7b30ao-20111204,0,3855197.story"
Unscrapable content error,http://www.dispatch.com/content/stories/national_world/2011/12/08/va-tech-lockdown-shooting.html
Unscrapable content,http://feeds.chron.com/~r/houstonchronicle/topheadlines/~3/8VHf3KiCBB8/2-slain-at-Va-Tech-suspect-not-caught-2390185.php
Unscrapable content,http://rss.csmonitor.com/~r/feeds/usa/~3/ovc5H2dkhCM/Police-officer-one-other-shot-and-killed-at-Virginia-Tech
Unscrapable content,http://www.buffalonews.com/911/article552525.ece
Unscrapable content error,http://feeds.washingtonpost.com/click.phdo?i=485a7c227bfc77504b4a91adf44b9cbb
Unscrapable content error,http://feeds.washingtonpost.com/click.phdo?i=6a11efa84a65139b40bef0e97f9b5dfa
Unscrapable content,"http://www.time.com/time/nation/article/0,8599,2096339,00.html?xid=rss-mostpopular"
Unscrapable content,http://www.theblaze.com/stories/2011/09/30/details-emerge-about-the-operation-that-killed-anwar-al-awlaki/
Unscrapable content error,http://hosted.ap.org/dynamic/stories/U/US_SALON_SHOOTING_SCENE?SITE=CAANR&SECTION=HOME&TEMPLATE=DEFAULT
Unscrapable content,http://harpers.org/archive/2011/10/WeeklyReview2011-10-11
Unscrapable content,http://feeds.sfgate.com/click.phdo?i=4dc105bb0664b342bcc0e75d33f7105a
Unscrapable content error,http://feeds.washingtonpost.com/click.phdo?i=1cfa93af1fe081bdc88861c4872f28a1
Unscrapable content error,"http://feeds.baltimoresun.com/~r/baltimoresun/sports/college/basketball/rss2/~3/RsUOvt8Q9po/bal-terps-recruiting-1108,0,5219010.storylink"
Unscrapable content,http://thelede.blogs.nytimes.com/2011/12/08/shots-reported-on-virginia-tech-campus/
Unscrapable content,http://thelede.blogs.nytimes.com/2011/12/08/shots-reported-on-virginia-tech-campus/
Unscrapable content,"http://www.time.com/time/nation/article/0,8599,2101919,00.html?xid=rss-mostpopular"
Unscrapable content,http://rss.csmonitor.com/~r/feeds/world/~3/k-ZmsknevRo/Norway-gunman-Breivik-makes-first-public-appearance-since-twin-terror-attacks
Unscrapable content error,"http://feedproxy.google.com/~r/orlandosentinel/jags/~3/9kTNZCS4mgQ/os-lake-brantley-shooting-threats-columbine-20111123,0,4652068.story"
Unscrapable content error,"http://feedproxy.google.com/~r/baltimoresun/news/nation/rss2/~3/KsVZkPFvX0g/sns-rt-us-eurozonetre7b30ao-20111204,0,3855197.story"
Unscrapable content error,http://www.dispatch.com/content/stories/national_world/2011/12/08/va-tech-lockdown-shooting.html
Unscrapable content,http://feeds.chron.com/~r/houstonchronicle/topheadlines/~3/8VHf3KiCBB8/2-slain-at-Va-Tech-suspect-not-caught-2390185.php
Unscrapable content,http://rss.csmonitor.com/~r/feeds/usa/~3/ovc5H2dkhCM/Police-officer-one-other-shot-and-killed-at-Virginia-Tech
Unscrapable content,http://www.buffalonews.com/911/article552525.ece
Unscrapable content error,http://feeds.washingtonpost.com/click.phdo?i=485a7c227bfc77504b4a91adf44b9cbb
Unscrapable content error,http://feeds.washingtonpost.com/click.phdo?i=6a11efa84a65139b40bef0e97f9b5dfa
Unscrapable content,"http://www.time.com/time/nation/article/0,8599,2096339,00.html?xid=rss-mostpopular"
Unscrapable content,http://www.theblaze.com/stories/2011/09/30/details-emerge-about-the-operation-that-killed-anwar-al-awlaki/
Unscrapable content error,http://hosted.ap.org/dynamic/stories/U/US_SALON_SHOOTING_SCENE?SITE=CAANR&SECTION=HOME&TEMPLATE=DEFAULT
Unscrapable content,http://harpers.org/archive/2011/10/WeeklyReview2011-10-11
Unscrapable content,http://feeds.sfgate.com/click.phdo?i=4dc105bb0664b342bcc0e75d33f7105a
Unscrapable content error,http://feeds.washingtonpost.com/click.phdo?i=1cfa93af1fe081bdc88861c4872f28a1
Unscrapable content error,"http://feeds.baltimoresun.com/~r/baltimoresun/sports/college/basketball/rss2/~3/RsUOvt8Q9po/bal-terps-recruiting-1108,0,5219010.storylink"
Unscrapable content,http://thelede.blogs.nytimes.com/2011/12/08/shots-reported-on-virginia-tech-campus/
Unscrapable content,http://thelede.blogs.nytimes.com/2011/12/08/shots-reported-on-virginia-tech-campus/
Unscrapable content,"http://www.time.com/time/nation/article/0,8599,2101919,00.html?xid=rss-mostpopular"
Unscrapable content,http://rss.csmonitor.com/~r/feeds/world/~3/k-ZmsknevRo/Norway-gunman-Breivik-makes-first-public-appearance-since-twin-terror-attacks
Unscrapable content error,"http://feedproxy.google.com/~r/orlandosentinel/jags/~3/9kTNZCS4mgQ/os-lake-brantley-shooting-threats-columbine-20111123,0,4652068.story"
Unscrapable content error,"http://feedproxy.google.com/~r/baltimoresun/news/nation/rss2/~3/KsVZkPFvX0g/sns-rt-us-eurozonetre7b30ao-20111204,0,3855197.story"
Unscrapable content error,http://www.dispatch.com/content/stories/national_world/2011/12/08/va-tech-lockdown-shooting.html
Unscrapable content,http://feeds.chron.com/~r/houstonchronicle/topheadlines/~3/8VHf3KiCBB8/2-slain-at-Va-Tech-suspect-not-caught-2390185.php
Unscrapable content,http://rss.csmonitor.com/~r/feeds/usa/~3/ovc5H2dkhCM/Police-officer-one-other-shot-and-killed-at-Virginia-Tech
Unscrapable content,http://www.buffalonews.com/911/article552525.ece
Unscrapable content error,http://feeds.washingtonpost.com/click.phdo?i=485a7c227bfc77504b4a91adf44b9cbb
Unscrapable content error,http://feeds.washingtonpost.com/click.phdo?i=6a11efa84a65139b40bef0e97f9b5dfa
Unscrapable content,"http://www.time.com/time/nation/article/0,8599,2096339,00.html?xid=rss-mostpopular"
Unscrapable content,http://www.theblaze.com/stories/2011/09/30/details-emerge-about-the-operation-that-killed-anwar-al-awlaki/
Unscrapable content error,http://hosted.ap.org/dynamic/stories/U/US_SALON_SHOOTING_SCENE?SITE=CAANR&SECTION=HOME&TEMPLATE=DEFAULT
Unscrapable content,http://harpers.org/archive/2011/10/WeeklyReview2011-10-11
Unscrapable content,http://feeds.sfgate.com/click.phdo?i=4dc105bb0664b342bcc0e75d33f7105a
Unscrapable content error,http://feeds.washingtonpost.com/click.phdo?i=1cfa93af1fe081bdc88861c4872f28a1
Unscrapable content error,"http://feeds.baltimoresun.com/~r/baltimoresun/sports/college/basketball/rss2/~3/RsUOvt8Q9po/bal-terps-recruiting-1108,0,5219010.storylink"
Unscrapable content,http://thelede.blogs.nytimes.com/2011/12/08/shots-reported-on-virginia-tech-campus/
Unscrapable content,http://thelede.blogs.nytimes.com/2011/12/08/shots-reported-on-virginia-tech-campus/
Unscrapable content,"http://www.time.com/time/nation/article/0,8599,2101919,00.html?xid=rss-mostpopular"
Unscrapable content,http://rss.csmonitor.com/~r/feeds/world/~3/k-ZmsknevRo/Norway-gunman-Breivik-makes-first-public-appearance-since-twin-terror-attacks
Unscrapable content error,"http://feedproxy.google.com/~r/orlandosentinel/jags/~3/9kTNZCS4mgQ/os-lake-brantley-shooting-threats-columbine-20111123,0,4652068.story"
Unscrapable content error,"http://feedproxy.google.com/~r/baltimoresun/news/nation/rss2/~3/KsVZkPFvX0g/sns-rt-us-eurozonetre7b30ao-20111204,0,3855197.story"
Unscrapable content error,http://www.dispatch.com/content/stories/national_world/2011/12/08/va-tech-lockdown-shooting.html
Unscrapable content,http://feeds.chron.com/~r/houstonchronicle/topheadlines/~3/8VHf3KiCBB8/2-slain-at-Va-Tech-suspect-not-caught-2390185.php
Unscrapable content,http://rss.csmonitor.com/~r/feeds/usa/~3/ovc5H2dkhCM/Police-officer-one-other-shot-and-killed-at-Virginia-Tech
Unscrapable content,http://www.buffalonews.com/911/article552525.ece
Unscrapable content error,http://feeds.washingtonpost.com/click.phdo?i=485a7c227bfc77504b4a91adf44b9cbb
Unscrapable content error,http://feeds.washingtonpost.com/click.phdo?i=6a11efa84a65139b40bef0e97f9b5dfa
Unscrapable content,"http://www.time.com/time/nation/article/0,8599,2096339,00.html?xid=rss-mostpopular"
Unscrapable content,http://www.theblaze.com/stories/2011/09/30/details-emerge-about-the-operation-that-killed-anwar-al-awlaki/
Unscrapable content error,http://hosted.ap.org/dynamic/stories/U/US_SALON_SHOOTING_SCENE?SITE=CAANR&SECTION=HOME&TEMPLATE=DEFAULT
Unscrapable content,http://harpers.org/archive/2011/10/WeeklyReview2011-10-11
Unscrapable content,http://feeds.sfgate.com/click.phdo?i=4dc105bb0664b342bcc0e75d33f7105a
Unscrapable content error,http://feeds.washingtonpost.com/click.phdo?i=1cfa93af1fe081bdc88861c4872f28a1
Unscrapable content error,"http://feeds.baltimoresun.com/~r/baltimoresun/sports/college/basketball/rss2/~3/RsUOvt8Q9po/bal-terps-recruiting-1108,0,5219010.storylink"
Unscrapable content,http://thelede.blogs.nytimes.com/2011/12/08/shots-reported-on-virginia-tech-campus/
Unscrapable content,http://thelede.blogs.nytimes.com/2011/12/08/shots-reported-on-virginia-tech-campus/
Unscrapable content,"http://www.time.com/time/nation/article/0,8599,2101919,00.html?xid=rss-mostpopular"
Unscrapable content,http://rss.csmonitor.com/~r/feeds/world/~3/k-ZmsknevRo/Norway-gunman-Breivik-makes-first-public-appearance-since-twin-terror-attacks
Unscrapable content error,"http://feedproxy.google.com/~r/orlandosentinel/jags/~3/9kTNZCS4mgQ/os-lake-brantley-shooting-threats-columbine-20111123,0,4652068.story"
Unscrapable content error,"http://feedproxy.google.com/~r/baltimoresun/news/nation/rss2/~3/KsVZkPFvX0g/sns-rt-us-eurozonetre7b30ao-20111204,0,3855197.story"
Unscrapable content error,http://www.dispatch.com/content/stories/national_world/2011/12/08/va-tech-lockdown-shooting.html
Unscrapable content,http://feeds.chron.com/~r/houstonchronicle/topheadlines/~3/8VHf3KiCBB8/2-slain-at-Va-Tech-suspect-not-caught-2390185.php
Unscrapable content,http://rss.csmonitor.com/~r/feeds/usa/~3/ovc5H2dkhCM/Police-officer-one-other-shot-and-killed-at-Virginia-Tech
Unscrapable content,http://www.buffalonews.com/911/article552525.ece
Unscrapable content error,http://feeds.washingtonpost.com/click.phdo?i=485a7c227bfc77504b4a91adf44b9cbb
Unscrapable content error,http://feeds.washingtonpost.com/click.phdo?i=6a11efa84a65139b40bef0e97f9b5dfa
Unscrapable content,"http://www.time.com/time/nation/article/0,8599,2096339,00.html?xid=rss-mostpopular"
Unscrapable content,http://www.theblaze.com/stories/2011/09/30/details-emerge-about-the-operation-that-killed-anwar-al-awlaki/
Unscrapable content error,http://hosted.ap.org/dynamic/stories/U/US_SALON_SHOOTING_SCENE?SITE=CAANR&SECTION=HOME&TEMPLATE=DEFAULT
Unscrapable content,http://harpers.org/archive/2011/10/WeeklyReview2011-10-11
Unscrapable content,http://feeds.sfgate.com/click.phdo?i=4dc105bb0664b342bcc0e75d33f7105a
Unscrapable content error,http://feeds.washingtonpost.com/click.phdo?i=1cfa93af1fe081bdc88861c4872f28a1
Unscrapable content error,"http://feeds.baltimoresun.com/~r/baltimoresun/sports/college/basketball/rss2/~3/RsUOvt8Q9po/bal-terps-recruiting-1108,0,5219010.storylink"
Unscrapable content,http://thelede.blogs.nytimes.com/2011/12/08/shots-reported-on-virginia-tech-campus/
Unscrapable content,http://thelede.blogs.nytimes.com/2011/12/08/shots-reported-on-virginia-tech-campus/
Unscrapable content,"http://www.time.com/time/nation/article/0,8599,2101919,00.html?xid=rss-mostpopular"
Unscrapable content,http://rss.csmonitor.com/~r/feeds/world/~3/k-ZmsknevRo/Norway-gunman-Breivik-makes-first-public-appearance-since-twin-terror-attacks
Unscrapable content error,"http://feedproxy.google.com/~r/orlandosentinel/jags/~3/9kTNZCS4mgQ/os-lake-brantley-shooting-threats-columbine-20111123,0,4652068.story"
Unscrapable content error,"http://feedproxy.google.com/~r/baltimoresun/news/nation/rss2/~3/KsVZkPFvX0g/sns-rt-us-eurozonetre7b30ao-20111204,0,3855197.story"
Unscrapable content error,http://www.dispatch.com/content/stories/national_world/2011/12/08/va-tech-lockdown-shooting.html
Unscrapable content,http://feeds.chron.com/~r/houstonchronicle/topheadlines/~3/8VHf3KiCBB8/2-slain-at-Va-Tech-suspect-not-caught-2390185.php
Unscrapable content,http://rss.csmonitor.com/~r/feeds/usa/~3/ovc5H2dkhCM/Police-officer-one-other-shot-and-killed-at-Virginia-Tech
Unscrapable content,http://www.buffalonews.com/911/article552525.ece
Unscrapable content error,http://feeds.washingtonpost.com/click.phdo?i=485a7c227bfc77504b4a91adf44b9cbb
Unscrapable content error,http://feeds.washingtonpost.com/click.phdo?i=6a11efa84a65139b40bef0e97f9b5dfa
Unscrapable content,"http://www.time.com/time/nation/article/0,8599,2096339,00.html?xid=rss-mostpopular"
Unscrapable content,http://www.theblaze.com/stories/2011/09/30/details-emerge-about-the-operation-that-killed-anwar-al-awlaki/
Unscrapable content error,http://hosted.ap.org/dynamic/stories/U/US_SALON_SHOOTING_SCENE?SITE=CAANR&SECTION=HOME&TEMPLATE=DEFAULT
Unscrapable content,http://harpers.org/archive/2011/10/WeeklyReview2011-10-11
Unscrapable content,http://feeds.sfgate.com/click.phdo?i=4dc105bb0664b342bcc0e75d33f7105a
Unscrapable content error,http://feeds.washingtonpost.com/click.phdo?i=1cfa93af1fe081bdc88861c4872f28a1
Unscrapable content error,"http://feeds.baltimoresun.com/~r/baltimoresun/sports/college/basketball/rss2/~3/RsUOvt8Q9po/bal-terps-recruiting-1108,0,5219010.storylink"
Unscrapable content,http://thelede.blogs.nytimes.com/2011/12/08/shots-reported-on-virginia-tech-campus/
Unscrapable content,http://thelede.blogs.nytimes.com/2011/12/08/shots-reported-on-virginia-tech-campus/
Unscrapable content,"http://www.time.com/time/nation/article/0,8599,2101919,00.html?xid=rss-mostpopular"
Unscrapable content,http://rss.csmonitor.com/~r/feeds/world/~3/k-ZmsknevRo/Norway-gunman-Breivik-makes-first-public-appearance-since-twin-terror-attacks
Unscrapable content error,"http://feedproxy.google.com/~r/orlandosentinel/jags/~3/9kTNZCS4mgQ/os-lake-brantley-shooting-threats-columbine-20111123,0,4652068.story"
Unscrapable content error,"http://feedproxy.google.com/~r/baltimoresun/news/nation/rss2/~3/KsVZkPFvX0g/sns-rt-us-eurozonetre7b30ao-20111204,0,3855197.story"
Unscrapable content error,http://www.dispatch.com/content/stories/national_world/2011/12/08/va-tech-lockdown-shooting.html
Unscrapable content,http://feeds.chron.com/~r/houstonchronicle/topheadlines/~3/8VHf3KiCBB8/2-slain-at-Va-Tech-suspect-not-caught-2390185.php
Unscrapable content,http://rss.csmonitor.com/~r/feeds/usa/~3/ovc5H2dkhCM/Police-officer-one-other-shot-and-killed-at-Virginia-Tech
Unscrapable content,http://www.buffalonews.com/911/article552525.ece
Unscrapable content error,http://feeds.washingtonpost.com/click.phdo?i=485a7c227bfc77504b4a91adf44b9cbb
Unscrapable content error,http://feeds.washingtonpost.com/click.phdo?i=6a11efa84a65139b40bef0e97f9b5dfa
Unscrapable content,"http://www.time.com/time/nation/article/0,8599,2096339,00.html?xid=rss-mostpopular"
Unscrapable content,http://www.theblaze.com/stories/2011/09/30/details-emerge-about-the-operation-that-killed-anwar-al-awlaki/
Unscrapable content error,http://hosted.ap.org/dynamic/stories/U/US_SALON_SHOOTING_SCENE?SITE=CAANR&SECTION=HOME&TEMPLATE=DEFAULT
Unscrapable content,http://harpers.org/archive/2011/10/WeeklyReview2011-10-11
Unscrapable content,http://feeds.sfgate.com/click.phdo?i=4dc105bb0664b342bcc0e75d33f7105a
Unscrapable content error,http://feeds.washingtonpost.com/click.phdo?i=1cfa93af1fe081bdc88861c4872f28a1
Unscrapable content error,"http://feeds.baltimoresun.com/~r/baltimoresun/sports/college/basketball/rss2/~3/RsUOvt8Q9po/bal-terps-recruiting-1108,0,5219010.storylink"
Unscrapable content,http://thelede.blogs.nytimes.com/2011/12/08/shots-reported-on-virginia-tech-campus/
Unscrapable content,http://thelede.blogs.nytimes.com/2011/12/08/shots-reported-on-virginia-tech-campus/
Unscrapable content,"http://www.time.com/time/nation/article/0,8599,2101919,00.html?xid=rss-mostpopular"
Unscrapable content,http://rss.csmonitor.com/~r/feeds/world/~3/k-ZmsknevRo/Norway-gunman-Breivik-makes-first-public-appearance-since-twin-terror-attacks
Unscrapable content error,"http://feedproxy.google.com/~r/orlandosentinel/jags/~3/9kTNZCS4mgQ/os-lake-brantley-shooting-threats-columbine-20111123,0,4652068.story"
Unscrapable content error,"http://feedproxy.google.com/~r/baltimoresun/news/nation/rss2/~3/KsVZkPFvX0g/sns-rt-us-eurozonetre7b30ao-20111204,0,3855197.story"
Unscrapable content error,http://www.dispatch.com/content/stories/national_world/2011/12/08/va-tech-lockdown-shooting.html
Unscrapable content,http://feeds.chron.com/~r/houstonchronicle/topheadlines/~3/8VHf3KiCBB8/2-slain-at-Va-Tech-suspect-not-caught-2390185.php
Unscrapable content,http://rss.csmonitor.com/~r/feeds/usa/~3/ovc5H2dkhCM/Police-officer-one-other-shot-and-killed-at-Virginia-Tech
Unscrapable content,http://www.buffalonews.com/911/article552525.ece
Unscrapable content error,http://feeds.washingtonpost.com/click.phdo?i=485a7c227bfc77504b4a91adf44b9cbb
Unscrapable content error,http://feeds.washingtonpost.com/click.phdo?i=6a11efa84a65139b40bef0e97f9b5dfa
Unscrapable content,"http://www.time.com/time/nation/article/0,8599,2096339,00.html?xid=rss-mostpopular"
Unscrapable content,http://www.theblaze.com/stories/2011/09/30/details-emerge-about-the-operation-that-killed-anwar-al-awlaki/
Unscrapable content error,http://hosted.ap.org/dynamic/stories/U/US_SALON_SHOOTING_SCENE?SITE=CAANR&SECTION=HOME&TEMPLATE=DEFAULT
Unscrapable content,http://harpers.org/archive/2011/10/WeeklyReview2011-10-11
Unscrapable content,http://feeds.sfgate.com/click.phdo?i=4dc105bb0664b342bcc0e75d33f7105a
Unscrapable content error,http://feeds.washingtonpost.com/click.phdo?i=1cfa93af1fe081bdc88861c4872f28a1
Unscrapable content error,"http://feeds.baltimoresun.com/~r/baltimoresun/sports/college/basketball/rss2/~3/RsUOvt8Q9po/bal-terps-recruiting-1108,0,5219010.storylink"
Unscrapable content,http://thelede.blogs.nytimes.com/2011/12/08/shots-reported-on-virginia-tech-campus/
Unscrapable content,http://thelede.blogs.nytimes.com/2011/12/08/shots-reported-on-virginia-tech-campus/
Unscrapable content,"http://www.time.com/time/nation/article/0,8599,2101919,00.html?xid=rss-mostpopular"
Unscrapable content,http://rss.csmonitor.com/~r/feeds/world/~3/k-ZmsknevRo/Norway-gunman-Breivik-makes-first-public-appearance-since-twin-terror-attacks
Unscrapable content error,"http://feedproxy.google.com/~r/orlandosentinel/jags/~3/9kTNZCS4mgQ/os-lake-brantley-shooting-threats-columbine-20111123,0,4652068.story"
Unscrapable content error,"http://feedproxy.google.com/~r/baltimoresun/news/nation/rss2/~3/KsVZkPFvX0g/sns-rt-us-eurozonetre7b30ao-20111204,0,3855197.story"
Unscrapable content error,http://www.dispatch.com/content/stories/national_world/2011/12/08/va-tech-lockdown-shooting.html
Unscrapable content,http://feeds.chron.com/~r/houstonchronicle/topheadlines/~3/8VHf3KiCBB8/2-slain-at-Va-Tech-suspect-not-caught-2390185.php
Unscrapable content,http://rss.csmonitor.com/~r/feeds/usa/~3/ovc5H2dkhCM/Police-officer-one-other-shot-and-killed-at-Virginia-Tech
