Connection error,http://feeds.gawker.com/~r/gawker/full/~3/ngzU2tvaNiM/at-least-nine-dead-in-connecticut-mass-shooting
Unscrapable content error,"http://feedproxy.google.com/~r/sun-sentinel/news/local/southflorida/~3/bjaaID9hTJg/fl-rothstein-sentence-holder-06092010,0,1928229.story"
Unscrapable content error,http://feeds.nytimes.com/click.phdo?i=704240ea9a930025d37100921b780005
Unscrapable content error,http://feeds.washingtonpost.com/click.phdo?i=88823df0347936fad6a677544227323c
Unscrapable content,http://feeds.boston.com/click.phdo?i=c6bcc6e64c062f4b8b7f4062be0e6153
Unscrapable content error,http://feeds.nytimes.com/click.phdo?i=222d4d157b1c666803fc8b79c6ddeb80
Unscrapable content error,"http://feedproxy.google.com/~r/sun-sentinel/news/local/southflorida/~3/bjaaID9hTJg/fl-rothstein-sentence-holder-06092010,0,1928229.story"
Unscrapable content error,http://feeds.nytimes.com/click.phdo?i=704240ea9a930025d37100921b780005
Unscrapable content error,http://feeds.washingtonpost.com/click.phdo?i=88823df0347936fad6a677544227323c
Unscrapable content,http://feeds.boston.com/click.phdo?i=c6bcc6e64c062f4b8b7f4062be0e6153
Unscrapable content error,http://feeds.nytimes.com/click.phdo?i=222d4d157b1c666803fc8b79c6ddeb80
Unscrapable content error,"http://feedproxy.google.com/~r/sun-sentinel/news/local/southflorida/~3/bjaaID9hTJg/fl-rothstein-sentence-holder-06092010,0,1928229.story"
Unscrapable content error,http://feeds.nytimes.com/click.phdo?i=704240ea9a930025d37100921b780005
Unscrapable content error,http://feeds.washingtonpost.com/click.phdo?i=88823df0347936fad6a677544227323c
Unscrapable content,http://feeds.boston.com/click.phdo?i=c6bcc6e64c062f4b8b7f4062be0e6153
Unscrapable content error,http://feeds.nytimes.com/click.phdo?i=222d4d157b1c666803fc8b79c6ddeb80
Unscrapable content error,"http://feedproxy.google.com/~r/sun-sentinel/news/local/southflorida/~3/bjaaID9hTJg/fl-rothstein-sentence-holder-06092010,0,1928229.story"
Unscrapable content error,http://feeds.nytimes.com/click.phdo?i=704240ea9a930025d37100921b780005
Unscrapable content error,http://feeds.washingtonpost.com/click.phdo?i=88823df0347936fad6a677544227323c
Unscrapable content,http://feeds.boston.com/click.phdo?i=c6bcc6e64c062f4b8b7f4062be0e6153
Unscrapable content error,http://feeds.nytimes.com/click.phdo?i=222d4d157b1c666803fc8b79c6ddeb80
Unscrapable content error,"http://feedproxy.google.com/~r/sun-sentinel/news/local/southflorida/~3/bjaaID9hTJg/fl-rothstein-sentence-holder-06092010,0,1928229.story"
Unscrapable content error,http://feeds.nytimes.com/click.phdo?i=704240ea9a930025d37100921b780005
Unscrapable content error,http://feeds.washingtonpost.com/click.phdo?i=88823df0347936fad6a677544227323c
Unscrapable content,http://feeds.boston.com/click.phdo?i=c6bcc6e64c062f4b8b7f4062be0e6153
Unscrapable content error,http://feeds.nytimes.com/click.phdo?i=222d4d157b1c666803fc8b79c6ddeb80
Unscrapable content error,"http://feedproxy.google.com/~r/sun-sentinel/news/local/southflorida/~3/bjaaID9hTJg/fl-rothstein-sentence-holder-06092010,0,1928229.story"
Unscrapable content error,http://feeds.nytimes.com/click.phdo?i=704240ea9a930025d37100921b780005
Unscrapable content error,http://feeds.washingtonpost.com/click.phdo?i=88823df0347936fad6a677544227323c
Unscrapable content,http://feeds.boston.com/click.phdo?i=c6bcc6e64c062f4b8b7f4062be0e6153
Unscrapable content error,http://feeds.nytimes.com/click.phdo?i=222d4d157b1c666803fc8b79c6ddeb80
Unscrapable content error,"http://feedproxy.google.com/~r/sun-sentinel/news/local/southflorida/~3/bjaaID9hTJg/fl-rothstein-sentence-holder-06092010,0,1928229.story"
Unscrapable content error,http://feeds.nytimes.com/click.phdo?i=704240ea9a930025d37100921b780005
Unscrapable content error,http://feeds.washingtonpost.com/click.phdo?i=88823df0347936fad6a677544227323c
Unscrapable content,http://feeds.boston.com/click.phdo?i=c6bcc6e64c062f4b8b7f4062be0e6153
Unscrapable content error,http://feeds.nytimes.com/click.phdo?i=222d4d157b1c666803fc8b79c6ddeb80
Unscrapable content error,"http://feedproxy.google.com/~r/sun-sentinel/news/local/southflorida/~3/bjaaID9hTJg/fl-rothstein-sentence-holder-06092010,0,1928229.story"
Unscrapable content error,http://feeds.nytimes.com/click.phdo?i=704240ea9a930025d37100921b780005
Unscrapable content error,http://feeds.washingtonpost.com/click.phdo?i=88823df0347936fad6a677544227323c
Unscrapable content,http://feeds.boston.com/click.phdo?i=c6bcc6e64c062f4b8b7f4062be0e6153
Unscrapable content error,http://feeds.nytimes.com/click.phdo?i=222d4d157b1c666803fc8b79c6ddeb80
Unscrapable content error,"http://feedproxy.google.com/~r/sun-sentinel/news/local/southflorida/~3/bjaaID9hTJg/fl-rothstein-sentence-holder-06092010,0,1928229.story"
Unscrapable content error,http://feeds.nytimes.com/click.phdo?i=704240ea9a930025d37100921b780005
Unscrapable content error,http://feeds.washingtonpost.com/click.phdo?i=88823df0347936fad6a677544227323c
Unscrapable content,http://feeds.boston.com/click.phdo?i=c6bcc6e64c062f4b8b7f4062be0e6153
Unscrapable content error,http://feeds.nytimes.com/click.phdo?i=222d4d157b1c666803fc8b79c6ddeb80
Unscrapable content error,"http://feedproxy.google.com/~r/sun-sentinel/news/local/southflorida/~3/bjaaID9hTJg/fl-rothstein-sentence-holder-06092010,0,1928229.story"
Unscrapable content error,http://feeds.nytimes.com/click.phdo?i=704240ea9a930025d37100921b780005
Unscrapable content error,http://feeds.washingtonpost.com/click.phdo?i=88823df0347936fad6a677544227323c
404 Not found,http://feeds.boston.com/click.phdo?i=c6bcc6e64c062f4b8b7f4062be0e6153
Unscrapable content error,http://feeds.nytimes.com/click.phdo?i=222d4d157b1c666803fc8b79c6ddeb80
