stories_id,publish_date,title,url,language,ap_syndicated,themes,media_id,media_name,media_url,text,location,Keywords,Count,Dict Class,Manual Class,0
19550224,2010-06-07 14:51:49,Cumbria killer Derrick Bird was dumped by his Thai lover weeks before rampage,http://www.nypost.com/p/news/international/cumbria_killer_derrick_bird_before_BHVMEHasHNs0rxB9a3mbBO?CMP=OTC-rss&FEEDNAME=,en,False,murders and attempted murders,7,New York Post,http://www.nypost.com/,"['thanks', 'contacting', 'us', ""'ve"", 'received', 'submission', 'cumbria', 'killer', 'derrick', 'bird', 'dumped', 'thai', 'lover', 'reportedly', 'sent', 'thousands', 'pounds', 'weeks', 'murderous', 'rampage', 'british', 'media', 'reported', 'monday', 'citing', 'bird', 'friends', '52-year-old', 'knew', '32-year-old', 'thai', 'woman', 'hon', 'met', 'holiday', 'three', 'years', 'ago', 'promised', 'move', 'england', 'daily', 'mail', 'reported', 'weeks', 'ago', 'told', 'seeing', 'someone', 'else', 'sent', 'text', 'message', 'breaking', 'relationship', 'thai', 'bar', 'owner', 'chris', 'bulmer', 'told', 'sun', 'bird', 'fell', 'bar', 'girl', 'kennel', 'bar', 'ripped', 'bulmer', 'said', 'derrick', 'made', 'mistake', 'like', 'many', 'westerners', 'falling', 'love', 'thought', 'felt', 'same.', 'bird', 'killed', '12', 'people', 'deadly', 'shooting', 'spree', 'june', '2', 'reported', 'spent', 'thousands', 'pounds', 'hooker', 'transferring', '£1,000', 'us', '1400', 'bank', 'account', 'last', 'month', 'sent', 'message', 'saying', 'met', 'another', 'man', 'taxi', 'driver', 'reported', 'devastated', 'break', 'speculation', 'added', 'tax', 'pressures', 'thought', 'triggered', 'mass', 'shooting', 'north-west', 'england', 'bird', 'two', 'children', 'graeme', 'bird', '28', 'jamie', '16', 'said', 'sunday', 'could', 'understand', 'turned', 'loving', 'dad', 'monster', 'slaughtered', '12', 'injured', 'another', '25', 'killing', 'sun', 'reported', 'statement', 'read', 'vicar', 'reverend', 'jim', 'marshall', 'service', 'church', 'lamplugh', 'cumbria', 'pair', 'said', 'father', 'loving', 'cheerful', 'character', 'would', 'missed', 'family', 'friends', 'would', 'also', 'like', 'send', 'condolences', 'families', 'people', 'involved', 'tragic', 'incident', 'statement', 'added', 'thoughts', 'them.', 'share', 'selection']",Hialeah,[],0,0,0,None
20055731,2010-06-21 16:20:00,"

        Stocks rise early on yuan change","http://feeds.chicagotribune.com/~r/chicagotribune/business/~3/Ym2MtlPbFQQ/la-fiw-markets-20100621,0,2559224.story",en,False,suits and litigation,9,Chicago Tribune,http://www.chicagotribune.com/,"['perhaps', 'help', 'find', 'wanted', 'hit', 'error', 'page', 'try', 'site', 'map', 'list', 'online', 'sections', 'check', 'columnists', 'page', 'also', 'search', 'tools', 'finding', 'particular', 'stories', 'topics', 'pages', 'covering', 'many', 'major', 'issues', 'people', 'looking', 'particular', 'suburban', 'publication', 'story', 'best', 'place', 'start', 'suburbs', 'page', 'finally', 'may', 'want', 'take', 'look', 'archives', 'date', 'back', '1849', 'none', 'suggestions', 'work', 'please', 'feel', 'free', 'read', 'faq', 'send', 'us', 'question', 'comment']",Hialeah,[],0,0,0,None
20059119,2010-06-21 19:14:26,Unemployment strikes younger workers,"http://feeds.chicagotribune.com/~r/chicagotribune/career/~3/WlY7P7XtwWQ/chi-career-briefs-062110,0,7843474.story",en,False,suits and litigation,9,Chicago Tribune,http://www.chicagotribune.com/,"['perhaps', 'help', 'find', 'wanted', 'hit', 'error', 'page', 'try', 'site', 'map', 'list', 'online', 'sections', 'check', 'columnists', 'page', 'also', 'search', 'tools', 'finding', 'particular', 'stories', 'topics', 'pages', 'covering', 'many', 'major', 'issues', 'people', 'looking', 'particular', 'suburban', 'publication', 'story', 'best', 'place', 'start', 'suburbs', 'page', 'finally', 'may', 'want', 'take', 'look', 'archives', 'date', 'back', '1849', 'none', 'suggestions', 'work', 'please', 'feel', 'free', 'read', 'faq', 'send', 'us', 'question', 'comment']",Hialeah,[],0,0,None
20062911,2010-06-21 16:28:00,"

        Obama pledges new steps to promote responsible fatherhood","http://feeds.chicagotribune.com/~r/chicagotribune/views/~3/hrrlynMxl38/la-na-obama-fathers-20100622,0,1133716.story",en,False,football,9,Chicago Tribune,http://www.chicagotribune.com/,"['perhaps', 'help', 'find', 'wanted', 'hit', 'error', 'page', 'try', 'site', 'map', 'list', 'online', 'sections', 'check', 'columnists', 'page', 'also', 'search', 'tools', 'finding', 'particular', 'stories', 'topics', 'pages', 'covering', 'many', 'major', 'issues', 'people', 'looking', 'particular', 'suburban', 'publication', 'story', 'best', 'place', 'start', 'suburbs', 'page', 'finally', 'may', 'want', 'take', 'look', 'archives', 'date', 'back', '1849', 'none', 'suggestions', 'work', 'please', 'feel', 'free', 'read', 'faq', 'send', 'us', 'question', 'comment']",Hialeah,[],0,0,None
20062923,2010-06-21 05:00:00,"

        Jimmy Dean Remembered at Funeral","http://feeds.chicagotribune.com/~r/chicagotribune/news/nationworld/~3/MwEw2bk9MWM/wtvr-jimmydeanfuneral-62110,0,4659121.story",en,False,football,9,Chicago Tribune,http://www.chicagotribune.com/,"['perhaps', 'help', 'find', 'wanted', 'hit', 'error', 'page', 'try', 'site', 'map', 'list', 'online', 'sections', 'check', 'columnists', 'page', 'also', 'search', 'tools', 'finding', 'particular', 'stories', 'topics', 'pages', 'covering', 'many', 'major', 'issues', 'people', 'looking', 'particular', 'suburban', 'publication', 'story', 'best', 'place', 'start', 'suburbs', 'page', 'finally', 'may', 'want', 'take', 'look', 'archives', 'date', 'back', '1849', 'none', 'suggestions', 'work', 'please', 'feel', 'free', 'read', 'faq', 'send', 'us', 'question', 'comment']",Hialeah,[],0,0,None
20062919,2010-06-21 19:32:00,"

        High court affirms bans on aid to terrorist groups even when the intended support is for peace","http://feeds.chicagotribune.com/~r/chicagotribune/news/nationworld/~3/puaBGQtBCQI/sns-ap-us-supreme-court-anti-terror-law,0,1221494.story",en,False,football,9,Chicago Tribune,http://www.chicagotribune.com/,"['perhaps', 'help', 'find', 'wanted', 'hit', 'error', 'page', 'try', 'site', 'map', 'list', 'online', 'sections', 'check', 'columnists', 'page', 'also', 'search', 'tools', 'finding', 'particular', 'stories', 'topics', 'pages', 'covering', 'many', 'major', 'issues', 'people', 'looking', 'particular', 'suburban', 'publication', 'story', 'best', 'place', 'start', 'suburbs', 'page', 'finally', 'may', 'want', 'take', 'look', 'archives', 'date', 'back', '1849', 'none', 'suggestions', 'work', 'please', 'feel', 'free', 'read', 'faq', 'send', 'us', 'question', 'comment']",Hialeah,[],0,0,0,None
20065985,2010-06-21 18:06:31,"

        Traveler surveys agree on costs","http://feeds.chicagotribune.com/~r/chicagotribune/travel/~3/iUryG931YMk/ct-travel-surveys-results-sl,0,2949551.storylink",en,False,football,9,Chicago Tribune,http://www.chicagotribune.com/,"['perhaps', 'help', 'find', 'wanted', 'hit', 'error', 'page', 'try', 'site', 'map', 'list', 'online', 'sections', 'check', 'columnists', 'page', 'also', 'search', 'tools', 'finding', 'particular', 'stories', 'topics', 'pages', 'covering', 'many', 'major', 'issues', 'people', 'looking', 'particular', 'suburban', 'publication', 'story', 'best', 'place', 'start', 'suburbs', 'page', 'finally', 'may', 'want', 'take', 'look', 'archives', 'date', 'back', '1849', 'none', 'suggestions', 'work', 'please', 'feel', 'free', 'read', 'faq', 'send', 'us', 'question', 'comment']",Hialeah,[],0,0,0,None
20077017,2010-06-22 00:33:18,"

        Patients offer cystic fibrosis insight","http://www.chicagotribune.com/health/ct-health-cystic-fibrosis-sl,0,6379191.storylink?track=rss",en,False,football,9,Chicago Tribune,http://www.chicagotribune.com/,"['perhaps', 'help', 'find', 'wanted', 'hit', 'error', 'page', 'try', 'site', 'map', 'list', 'online', 'sections', 'check', 'columnists', 'page', 'also', 'search', 'tools', 'finding', 'particular', 'stories', 'topics', 'pages', 'covering', 'many', 'major', 'issues', 'people', 'looking', 'particular', 'suburban', 'publication', 'story', 'best', 'place', 'start', 'suburbs', 'page', 'finally', 'may', 'want', 'take', 'look', 'archives', 'date', 'back', '1849', 'none', 'suggestions', 'work', 'please', 'feel', 'free', 'read', 'faq', 'send', 'us', 'question', 'comment']",Hialeah,[],0,0,0,None
20103899,2010-06-22 15:40:00,"

        NY law would be 1st to take all criminals' DNA, from misdemeanor offenses to felonies","http://feeds.chicagotribune.com/~r/chicagotribune/news/nationworld/~3/ZFKwmSI2ess/sns-ap-us-expanding-dna,0,272966.story",en,False,,9,Chicago Tribune,http://www.chicagotribune.com/,"['perhaps', 'help', 'find', 'wanted', 'hit', 'error', 'page', 'try', 'site', 'map', 'list', 'online', 'sections', 'check', 'columnists', 'page', 'also', 'search', 'tools', 'finding', 'particular', 'stories', 'topics', 'pages', 'covering', 'many', 'major', 'issues', 'people', 'looking', 'particular', 'suburban', 'publication', 'story', 'best', 'place', 'start', 'suburbs', 'page', 'finally', 'may', 'want', 'take', 'look', 'archives', 'date', 'back', '1849', 'none', 'suggestions', 'work', 'please', 'feel', 'free', 'read', 'faq', 'send', 'us', 'question', 'comment']",Hialeah,[],0,0,0,None
20103900,2010-06-22 20:31:00,"

        Defense begins presenting its case in Oakland, Calif., train shooting trial","http://feeds.chicagotribune.com/~r/chicagotribune/news/nationworld/~3/hPyeJ3IAnfY/sns-ap-us-train-station-shooting,0,290319.story",en,False,,9,Chicago Tribune,http://www.chicagotribune.com/,"['perhaps', 'help', 'find', 'wanted', 'hit', 'error', 'page', 'try', 'site', 'map', 'list', 'online', 'sections', 'check', 'columnists', 'page', 'also', 'search', 'tools', 'finding', 'particular', 'stories', 'topics', 'pages', 'covering', 'many', 'major', 'issues', 'people', 'looking', 'particular', 'suburban', 'publication', 'story', 'best', 'place', 'start', 'suburbs', 'page', 'finally', 'may', 'want', 'take', 'look', 'archives', 'date', 'back', '1849', 'none', 'suggestions', 'work', 'please', 'feel', 'free', 'read', 'faq', 'send', 'us', 'question', 'comment']",Hialeah,[],0,0,0,None
659227349,2010-07-05 08:00:00,“13 Reasons Why” Makes a Smarmy Spectacle of Suicide,http://www.newyorker.com/culture/jia-tolentino/13-reasons-why-makes-a-smarmy-spectacle-of-suicide,en,False,"education and schools,recordings (audio),television,reviews",1101,New Yorker,http://www.newyorker.com/,"['revisit', 'article', 'select', 'account', 'view', 'saved', 'stories', 'revisit', 'article', 'visit', 'profile', 'view', 'saved', 'stories', 'jia', 'tolentino', '13', 'reasons', 'netflix', 'show', 'beautiful', 'teen-age', 'girl', 'slits', 'wrists', 'bathtub', 'recording', 'thirteen', 'meticulous', 'cassette', 'tapes', 'detailing', 'blame', 'become', 'runaway', 'hit', 'netflix', 'release', 'ratings', 'show', 'based', 'young-adult', 'book', 'name', 'jay', 'asher', 'tweeted', 'eleven', 'million', 'times', 'month', 'march', '31st', 'release', 'inspired', 'many', 'sombre', 'reviews', 'recommend', 'show', 'socially', 'important', 'well', 'bevy', 'tongue-in-cheek', 'memes', 'preteen-centered', 'social', 'network', 'musical.ly', 'also', 'provoked', 'strong', 'collective', 'reaction', 'intended', 'audience—teen-agers—that', 'schools', 'across', 'country', 'sending', 'letters', 'home', 'warning', 'parents', '13', 'reasons', 'might', 'effect', 'directly', 'contradicts', 'stated', 'project', 'rather', 'starting', 'valuable', 'conversation', 'could', 'help', 'students', 'struggling', 'mental-health', 'issues', 'show', 'schools', 'fear', 'might', 'push', 'students', 'issues', 'edge', 'series', 'opens', 'posthumously', 'decorated', 'locker', 'hannah', 'baker', 'played', 'extended', 'flashbacks', 'australian', 'newcomer', 'katherine', 'langford', 'smiles', 'calmly', 'frame', 'photo', 'dark', 'brown', 'waves', 'blue', 'eyes', 'full', 'lips—the', 'looks', 'john', 'hughes', 'heroine', 'paper', 'flowers', 'notes', 'surround', 'face', 'always', 'good', 'kind', 'miss', 'much', 'one', 'message', 'reads', 'hey', 'hannah', 'says', 'voice-over', 'acoustic', 'folk', 'song', 'plays', 'background', 'hannah', 'baker', 'right—adjust', 'whatever', 'device', 'hearing', 'live', 'stereo', 'return', 'engagements', 'encore.', 'perspective', 'shifts', 'hapless-looking', 'teen-age', 'boy', 'named', 'clay', 'jensen', 'played', 'dylan', 'minnette', 'goes', 'home', 'school', 'day', 'find', 'package', 'wrapped', 'brown', 'paper', 'doorstep', 'shoebox', 'filled', 'tapes', 'gentle', 'anticipatory', 'music', 'begins', 'swelling', 'tell', 'story', 'life', 'hannah', 'says', 'specifically', 'life', 'ended', 'listening', 'tape', 'one', 'reasons', 'why.', 'hannah', 'tapes—which', 'like', 'intro', 'written', 'delivered', 'implausible', 'maudlin', 'aplomb—singles', 'individual', 'abandoned', 'journey', 'suicide', 'girlfriend', 'slapped', 'guy', 'designated', 'best', 'ass', 'list', 'guy', 'published', 'poetry', 'nonconsensually', 'guy', 'let', 'another', 'guy', 'rape', 'unconscious', 'girlfriend', 'party', 'hannah', 'hiding', 'room', 'narrative', 'progression', 'tapes', 'chronological', 'dire', 'thematically', 'monotonous', 'thirteen', 'episodes', 'hannah', 'goes', 'earnest', 'hopeful', 'young', 'woman', 'helpless', 'victim', 'slut-shaming', 'sexual', 'assault', 'clay', 'main', 'character', '13', 'reasons', 'subject', 'eleventh', 'tape', 'exception', 'pattern', 'hannah', 'admired', 'noted', 'anything', 'wrong', 'tape', 'twelve', 'aforementioned', 'rapist', 'also', 'raped', 'hannah', 'final', 'tape', 'dedicated', 'school', 'counsellor', 'failed', 'see', 'predicament', 'clearly', 'came', 'see', 'day', 'planned', 'suicide', 'hannah', 'tapes', 'function', 'sort', 'chain', 'letter', 'second', 'set', 'released', 'public', 'warns', 'people', 'named', 'tapes', 'listen', 'full', 'pass', 'book', 'published', '2007', 'hit', '1', 'new', 'york', 'times_', '_y.a', 'paperback', 'best-seller', 'list', 'clay', 'listens', 'tapes', 'single', 'night', 'tv', 'show', 'draws', 'process', 'days', 'end', 'combination', 'puppy', 'love', 'masochistic', 'self-indulgence', 'wanders', 'around', 'town', 'retracing', 'steps', 'confronting', 'classmates', 'book', 'show', 'hannah', 'history', 'clay', 'present-tense', 'story', 'intertwined', 'tone', 'set', 'hannah', 'coy', 'melodramatic', 'narration', 'rumor', 'based', 'kiss', 'beginning', 'justin', 'honey', 'stick', 'around', 'going', 'believe', 'name', 'crops', 'next.', 'book', 'paced', 'quickly', 'stylistically', 'economical', 'show', 'demands', 'listen', 'suicide', 'note', 'nearly', 'thirteen', 'hours', 'suicide', 'question', 'built', 'grand', 'climax', 'mystery', 'whose', 'specifics', 'finally', 'revealed', 'somehow', 'grotesque', 'dull', 'didactic', 'indulgent', 'once—', 'gossip', 'girl', 'minus', 'pleasure', 'personality', 'crossed', '1971', 'best-seller', 'go', 'ask', 'alice', 'diary', 'teen-age', 'girl', 'drug', 'spiral', 'widely', 'understood', 'fabricated', 'therapist', 'sort', 'flamboyant', 'p.s.a', 'team', 'behind', '13', 'reasons', 'includes', 'selena', 'gomez', 'executive', 'producer', 'playwright', 'brian', 'yorkey', 'spotlight', 'director', 'tom', 'mccarthy', 'made', 'clear', 'members', 'think', 'show', 'indeed', 'performing', 'public', 'service', 'explained', 'interviews', 'companion', 'episode', 'called', 'beyond', 'reasons', 'decided', 'depict', 'hannah', 'suicide', 'unflinching', 'detail', 'book', 'swallows', 'pills', 'show', 'saws', 'vertically', 'forearms', 'razor', 'blades', 'sobbing', 'screaming', 'overflowing', 'pinkish', 'tub', 'squeamish', 'consumer', 'scene', 'unhelpful', 'suicide', 'never', 'option', 'gomez', 'says', 'beyond', 'reasons.', 'apparently', 'whole', 'point', 'show', 'rape', 'scenes', 'tv', 'series', 'diverges', 'book', 'say', 'way', 'asher', 'renders', 'scene', 'paper', 'low-key', 'book', 'hannah', 'gets', 'hot', 'tub', 'bryce', 'recently', 'seen', 'raping', 'ex-friend', 'clay', 'thinks', 'knew', 'getting', 'hannah.', 'nice-guy', 'shtick', 'frequently', 'feels', 'unbearable', 'book', 'becomes', 'vaguely', 'afraid', 'hannah', 'rumors', 'start', 'circulating', 'slutty', 'show', 'final', 'episode', 'says', 'cost', 'girl', 'life', 'afraid', 'love', 'her.', 'hannah', 'turn', 'narrates', 'assault', 'like', 'touching', 'using', 'needed', 'could', 'let', 'go', 'completely.', 'given', 'weight', 'complication', 'asher', 'trying', 'capture', 'scene—simultaneous', 'acts', 'rape', 'sexual', 'self-destruction', 'pushing', 'teen-age', 'girl', 'closer', 'death—the', 'simplicity', 'language', 'seem', 'almost', 'lewd', 'scene', 'ends', 'quickly', 'book', 'show', 'goes', 'long', 'time', 'earlier', 'rape', 'scene', 'physical', 'details', 'given', 'asher', 'keep', 'eye', 'camera', 'hannah', 'held', 'raped', 'behind', 'bryce', 'smiling', 'meathead', 'pulls', 'hair', 'back', 'enthusiastically', 'pins', 'head', 'tile', 'eyes', 'gradually', 'go', 'dead', 'drags', 'home', 'thinking', 'decided', 'one', 'would', 'ever', 'hurt', 'again.', 'recent', 'tv', 'shows', 'like', 'jessica', 'jones', 'sweet/vicious', 'young', 'woman', 'desire', 'exert', 'control', 'trauma', 'foundation', 'story', 'line', '13', 'reasons', 'story', 'end', 'hannah', 'mere', 'illustration', 'fact', 'rape', 'exists', 'occurs', 'physically', 'spiritually', 'destructive', 'beyond', 'reasons', 'dizzying', 'watch', 'justin', 'prentice', 'actor', 'plays', 'bryce', 'say', 'society', 'tend', 'shy', 'away', 'hard', 'topics', 'says', 'problem', 'needs', 'addressed.', 'true', 'watching', 'rape', 'scene', 'show', 'films', 'closeup', 'cuts', 'present', 'stretches', 'across', 'almost', 'four', 'minutes', 'screen', 'time', 'indeed', 'come', 'away', 'sense', 'problem', 'thought', 'deeply—one', 'tv', 'shows', 'giving', 'license', 'shovel', 'trauma', 'audience', 'assuring', 'audience', 'actually', 'healthier', 'way', 'beyond', 'reasons', 'supposed', 'counteract', 'explain', 'seemingly', 'gratuitous', 'violence', 'thirteen', 'hours', 'precede', 'supposed', 'ward', 'phenomenon', 'suicide', 'contagion', 'school', 'administrators', 'recently', 'become', 'afraid', 'good', 'reason—a', 'phenomenon', '13', 'reasons', 'writers', 'wrote', 'directly', 'show', 'character', 'named', 'alex', 'attempt', 'suicide', 'toward', 'end', 'season', 'happen', 'book', 'perversely', 'dutiful', 'banner', 'bottom', 'screen', 'asks', 'need', 'help', 'points', 'viewers', 'suicidal', 'thoughts', '13reasonswhy.info', 'less', 'faith', 'ability', 'teen-agers', 'know', 'bullshit', 'see', 'would', 'worry', 'might', 'take', '13', 'reasons', 'never', 'touches', 'subject', 'mental', 'illness', 'presents', 'hannah', 'suicide', 'addictive', 'scavenger', 'hunt', 'act', 'gives', 'glory', 'respect', 'adoration', 'denied', 'real', 'life', 'troubled', 'show', 'smarmy', 'disrespectfully', 'pedagogical', 'aesthetic', '2011', 'book', 'art', 'cruelty', 'maggie', 'nelson', 'writes', 'cultural', 'products', 'seem', 'designed', 'analyze', 'make', 'spectacle', 'essentially', 'consumable', 'perversity.', 'last', 'episode', '13', 'reasons', 'see', 'one', 'characters', 'planning', 'mass', 'shooting', 'sunday', 'netflix', 'announced', 'show', 'renewed', 'another', 'season', 'signing', 'agree', 'user', 'agreement', 'privacy', 'policy', 'cookie', 'statement', 'marvel', 'jessica', 'jones', 'superhero', 'survivor', 'emily', 'nussbaum', 'jia', 'tolentino', 'look', 'dumber', 'side', 'technology', 'sections', '2021', 'condé', 'nast', 'rights', 'reserved', 'use', 'site', 'constitutes', 'acceptance', 'user', 'agreement', 'privacy', 'policy', 'cookie', 'statement', 'california', 'privacy', 'rights', 'new', 'yorker', 'may', 'earn', 'portion', 'sales', 'products', 'purchased', 'site', 'part', 'affiliate', 'partnerships', 'retailers', 'material', 'site', 'may', 'reproduced', 'distributed', 'transmitted', 'cached', 'otherwise', 'used', 'except', 'prior', 'written', 'permission', 'condé', 'nast', 'ad', 'choices']",Hialeah,"['suicide', 'suicide', 'suicide', 'suicide', 'suicide', 'suicide', 'suicide', 'suicide', 'suicide']",4.5,1,0,None
485150413,2010-06-22 08:00:00,"From Orlando To NYC, Queer Latino Immigrants Ask “What's Next?”",https://www.buzzfeed.com/estherwang/jackson-heights-lgbt-communities?utm_term=.mf0Ny1o5N#.xiJaV7Zna,en,False,"homosexuality,hispanic-americans,crime and criminals,murders and attempted murders",6218,Buzzfeed,http://www.buzzfeed.com,"['utilizamos', 'cookies', 'próprios', 'e', 'de', 'terceiros', 'que', 'reconhecem', 'e', 'identificam', 'como', 'um', 'usuário', 'único', 'para', 'garantir', 'melhor', 'experiência', 'de', 'navegação', 'personalizar', 'conteúdo', 'e', 'anúncios', 'e', 'melhorar', 'desempenho', 'nosso', 'site', 'e', 'serviços', 'esses', 'cookies', 'nos', 'permitem', 'coletar', 'alguns', 'dados', 'pessoais', 'sobre', 'você', 'como', 'sua', 'id', 'exclusiva', 'atribuída', 'ao', 'seu', 'dispositivo', 'endereço', 'de', 'ip', 'tipo', 'de', 'dispositivo', 'e', 'navegador', 'conteúdos', 'visualizados', 'ou', 'outras', 'ações', 'realizadas', 'usando', 'nossos', 'serviços', 'país', 'e', 'idioma', 'selecionados', 'entre', 'outros', 'para', 'saber', 'mais', 'sobre', 'nossa', 'política', 'de', 'cookies', 'acesse', 'link', 'caso', 'não', 'concorde', 'com', 'uso', 'cookies', 'dessa', 'forma', 'você', 'deverá', 'ajustar', 'configurações', 'de', 'seu', 'navegador', 'ou', 'deixar', 'de', 'acessar', 'nosso', 'site', 'e', 'serviços', 'ao', 'continuar', 'com', 'navegação', 'em', 'nosso', 'site', 'você', 'aceita', 'uso', 'de', 'cookies', 'elias', 'williams', 'buzzfeed', 'news', 'across', 'country', 'lgbt', 'communities', 'struggling', 'aftermath', 'implications', 'orlando', 'cub', 'shooting', 'jackson', 'heights', 'queens', 'queer', 'latino', 'immigrant', 'community', 'finding', 'way', 'organize', 'esther', 'wang', 'posted', 'june', '22', '2016', '10:19', 'a.m', 'et', 'last', 'tuesday', 'day', 'vigil', 'stonewall', 'inn', 'victims', 'pulse', 'nightclub', 'massacre', 'drew', 'crowd', 'thousands', 'much', 'smaller', 'group', 'gathered', 'front', 'club', 'evolution', 'gay', 'club', 'new', 'york', 'jackson', 'heights', 'neighborhood', 'caters', 'queer', 'latino', 'community', 'unlike', 'events', 'taken', 'place', 'city', 'throughout', 'country', 'crowd', 'mostly', 'latino', 'spanish-speaking', 'popular', 'transgender', 'club', 'performer', 'laura', 'martinez', 'organized', 'vigil', 'holding', 'court', 'resplendent', 'snug', 'rainbow-striped', 'spandex', 'bodysuit', 'semi-sheer', 'white', 'fishtail', 'skirt', 'people', 'traveled', 'city', 'suburbs', 'converge', 'busy', 'intersection', '77th', 'street', 'roosevelt', 'avenue', 'leaving', 'work', 'early', 'taking', 'day', 'mood', 'somber', 'looks', 'shock', 'resignation', 'equal', 'measure', 'people', 'faces', 'one', 'talking', 'much', 'several', 'people', 'cried', 'soundlessly', 'inside', 'club', 'lights', 'ceiling', 'flashed', 'colors', 'rainbow', 'bachata', 'blared', 'speakers', 'gabriel', 'gonzalez', 'sitting', 'bar', 'alone', 'nursing', 'beer', 'bartender', 'one', 'circle', 'line', 'boats', 'tour', 'hudson', 'river', 'lived', 'jackson', 'heights', 'past', 'five', 'years', 'neighborhood', 'lives', 'place', 'gay', 'latino', 'man', 'feels', 'comfortable', 'way', 'manhattan', 'white-dominated', 'scene', 'jackson', 'heights', 'owner', 'club', 'evolution', 'eddie', 'valentin', 'put', 'gay', 'village', 'latinos', '10-block', 'radius', 'clustered', 'around', 'roosevelt', 'avenue', 'subway', 'station', 'find', 'several', 'gay', 'bars', 'decked', 'rainbow', 'flags', 'step', 'inside', 'likely', 'hear', 'spanish', 'english', 'gonzales', 'voice', 'cracked', 'remembered', 'moment', 'saw', 'photos', 'victims', 'realized', 'looked', 'like', 'gonzales', 'took', 'glasses', 'wipe', 'eyes', 'apologizing', 'crying', 'puerto', 'rican', 'almost', 'half', 'died', 'latino', 'community', 'latino', 'community', 'got', 'affected', 'said', 'though', 'added', 'hearing', 'much', 'hate', 'crime', 'towards', 'gay', 'people', 'specifically', 'latino', 'people.', 'certain', 'elected', 'officials', 'media', 'accounts', 'elided', 'fact', 'majority', 'victims', 'survivors', 'latino', 'many', 'immigrants', 'undocumented', 'people', 'gathered', 'vigil', 'determined', 'highlight', 'names', 'faces', 'victims', 'survivors', 'start', 'recognizing', 'faces', 'faces', 'see', 'bars', 'time', 'said', 'andrés', 'duque', 'duque', 'filmmaker', 'advocate', 'immigrated', 'u.s.', 'colombia', '1990', 'remembered', 'first', 'time', 'found', 'gay', 'bar', 'jackson', 'heights', 'hearing', 'donna', 'summer', 'song', 'streaming', 'street', 'following', 'bar', 'floored', 'saw', 'full', 'gay', 'colombian', 'men', 'dancing', 'kissing', 'always', 'remember', 'point', 'walked', 'door', 'feeling', 'home', 'away', 'home', 'gay', 'colombian', 'community', 'said', 'club', 'love', 'boat', 'longer', 'exists', 'handful', 'gay', 'bars', 'clubs', 'still', 'dot', 'neighborhood', 'club', 'evolution', 'bum-bum', 'bar', 'known', 'lesbian', 'hangout', 'friend', 'tavern', 'oldest', 'gay', 'bar', 'neighborhood', 'opened', 'valentin', 'partner', '1989', 'hombres', 'true', 'colors', 'handful', 'others', 'nestled', 'busy', 'commercial', 'streets', 'tucked', 'korean', 'restaurants', 'south', 'asian', 'threading', 'salons', 'taco', 'restaurants', 'panaderias', 'peruvian', 'joints', 'serving', 'pollo', 'la', 'brasa', 'visual', 'reminders', 'many', 'call', 'jackson', 'heights', 'miniature', 'united', 'nations', 'according', 'census', 'data', 'half', 'neighborhood', 'latino', 'almost', 'quarter', 'residents', 'asian', 'queer', 'latino', 'immigrants', 'particular', 'club', 'plays', 'critical', 'role', 'many', 'becomes', 'home', 'first', 'place', 'found', 'carve', 'identities', 'discrete', 'pieces', 'first', 'place', 'world', 'feel', 'small', 'measure', 'freedom', 'whole', 'selves', 'sanctuary', 'people', 'place', 'go', 'said', 'valentin', 'longtime', 'owner', 'club', 'evolution', 'lot', 'people', 'come', 'countries', 'leave', 'primarily', 'fact', 'much', 'prejudice', 'homophobia', 'countries', 'get', 'u.s.', 'first', 'thing', 'look', 'business', 'gay', 'likely', 'bar', 'club', 'make', 'first', 'friends.', 'latino', 'lgbt', 'community', 'participated', 'vigil', 'victims', 'orlando', 'pulse', 'shooting', 'june', '12', '2016', 'jackson', 'heights', 'queens', 'new', 'york', 'jackson', 'heights', 'gay', 'neighborhood', 'decades', 'became', 'latino', 'one', 'proximity', 'la', 'guardia', 'airport', 'well', 'easy', 'access', 'times', 'square', 'long', 'made', 'bedroom', 'community', 'many', 'white', 'gay', 'new', 'yorkers', 'worked', 'airlines', 'manhattan', 'theater', 'community', 'white', 'flight', 'accelerated', 'late', '1960s', 'wake', 'passage', 'fair', 'housing', 'act', 'immigrants', 'flocked', 'neighborhood', 'countries', 'throughout', 'latin', 'america', 'well', 'asia', 'slowly', 'gay', 'bars', 'changed', 'hands', 'new', 'mostly', 'latino', 'owners', 'still', 'remember', 'days', '37th', 'road', 'called', 'vaseline', 'alley', 'stretch', 'neighborhood', 'known', 'place', 'gay', 'men', 'could', 'go', 'cruising', 'late', 'night', 'gay', 'bars', 'operated', 'publicly', 'many', 'clandestine', 'operations', 'need', 'password', 'invitation', 'someone', 'neighborhood', 'slip', 'doors', '1990', 'murder', 'julio', 'rivera', 'bartender', 'beaten', 'death', 'neighborhood', 'three', 'white', 'men', 'prowling', 'streets', 'looking', 'gay', 'man', 'attack', 'first', 'catalyzed', 'lgbt', 'community', 'jackson', 'heights', 'following', 'death', 'activists', 'neighborhood', 'held', 'first', 'queens', 'pride', 'parade', 'founded', 'borough', 'first', 'lgbt', 'center', 'queens', 'pride', 'house', 'council', 'member', 'danny', 'dromm', 'one', 'city', 'first', 'openly', 'gay', 'elected', 'officials', 'longtime', 'resident', 'neighborhood', 'involved', 'earlier', 'organizing', 'work', 'recalled', 'difficult', 'generate', 'outrage', 'murder', 'rivera', 'compared', 'response', 'rivera', 'murder', 'outcry', 'death', 'matthew', 'shepard', '1998', 'always', 'look', 'back', 'think', 'perhaps', 'julio', 'even', 'minds', 'white', 'lgbt', 'activists', 'know', 'latino', 'guy', 'lived', 'outer', 'boroughs', 'dromm', 'said', 'oftentimes', 'overlooked', 'said', 'queer', 'latino', 'community', 'minds', 'many', 'people', 'color', 'movement', 'white', 'male', 'chelsea/greenwich', 'village-led', 'movement', 'sentiment', 'noted', 'rooted', 'reality', 'mauro', 'julca', 'orlando', 'wake-up', 'call', 'queer', 'latino', 'community', 'put', 'minority', 'within', 'minority.', 'got', 'step', 'game', 'said', 'truth', 'matter', 'things', 'might', 'happen.', 'julca', 'immigrated', 'new', 'york', 'city', 'peru', '20', 'years', 'old', 'mother', 'came', '16', 'knew', 'many', 'gay', 'transgender', 'peruvians', 'hair', 'salon', 'worked', 'knew', 'lgbt', 'community', 'faced', 'high', 'levels', 'violence', 'peru', 'said', 'hate', 'crimes', 'like', 'norm.', 'left', 'came', 'new', 'york', 'thought', 'safer', 'u.s.', 'said', 'yet', 'julca', 'community', 'advocate', 'group', 'called', 'latinos', 'diferentes', 'de', 'nueva', 'york', 'recognizes', 'violence', 'reality', 'many', 'queer', 'latinos', 'united', 'states', 'face', 'every', 'day', 'last', 'year', 'friend', 'attacked', 'robbed', 'left', 'gay', 'bar', 'jackson', 'heights', 'collapsed', 'stairwell', 'apartment', 'building', 'julca', 'told', 'found', 'next', 'morning', 'roommate', 'new', 'york', 'times', 'analysis', 'fbi', 'data', 'recently', 'found', 'groups', 'u.s.', 'lgbt', 'people', 'likely', 'targets', 'hate', 'crimes', 'anti-violence', 'project', 'group', 'based', 'new', 'york', 'city', 'tracks', 'works', 'survivors', 'bias', 'crimes', 'notes', 'within', 'lgbt', 'community', 'transgender', 'gender-nonconforming', 'people', 'color', 'undocumented', 'immigrants', 'likely', 'experience', 'physical', 'violence', 'know', 'lgbtq', 'folks', 'suffering', 'tremendous', 'amounts', 'violence', 'event', 'made', 'super', 'visible', 'world', 'said', 'natalia', 'aristizabal', 'queer', 'immigrant', 'colombia', 'leads', 'lgbt', 'organizing', 'project', 'make', 'road', 'new', 'york', 'aristizabal', 'stressed', 'lgbt', 'latinos', 'live', 'intersections', 'gender', 'identity', 'race', 'immigration', 'status', 'fear', 'violence', 'always', 'present', 'listed', 'two', 'recent', 'incidents', 'new', 'york', 'city', 'past', 'two', 'weeks', 'alone', 'one', 'involving', 'gay', 'man', 'whose', 'attacker', 'beat', 'shouting', 'anti-gay', 'slurs', 'latina', 'trans', 'woman', 'stabbed', 'past', 'five', 'years', 'make', 'road', 'organized', 'trans', 'latina', 'march', 'year', 'happened', 'scheduled', 'day', 'shooting', 'orlando', 'planned', 'monday', 'march', 'saying', ""'stop"", 'hate', 'violence', 'aristizabal', 'said', 'even', 'change', 'theme.', 'happen', 'post-orlando', 'coming', 'weeks', 'months', 'contours', 'come', 'already', 'taking', 'shape', 'dominant', 'discussion', 'centering', 'gun', 'control', 'human', 'rights', 'campaign', 'country', 'largest', 'lgbt', 'advocacy', 'group', 'pivoted', 'issue', 'making', 'one', 'legislative', 'priorities', 'appeared', 'brief', 'moment', 'congress', '15-hour', 'filibuster', 'led', 'sen.', 'chris', 'murphy', 'connecticut', 'might', 'vote', 'enact', 'basic', 'gun', 'control', 'provisions', 'efforts', 'failed', 'monday', 'night', 'yet', 'many', 'enough', 'debate', 'around', 'safety', 'violence', 'focuses', 'access', 'guns', 'divisions', 'along', 'race', 'mention', 'class', 'gender', 'long', 'existed', 'lgbt', 'community', 'many', 'concerned', 'past', 'lgbt', 'latinos', 'especially', 'trans', 'immigrant', 'latinos', 'left', 'behind', 'mainstream', 'gay', 'movement', 'much', 'like', 'recent', 'stonewall', 'movie', 'erased', 'actual', 'leaders', 'riot', 'black', 'latina', 'trans', 'women', 'butch', 'lesbians', 'drag', 'queens', 'whitewashed', 'history', 'forget', 'victims', 'survivors', 'pulse', 'shooting', 'latino', 'immigrants', 'queer', 'people', 'color', 'question', 'minds', 'many', 'queer', 'latino', 'advocates', 'white', 'gay', 'community', 'lot', 'services', 'advocacy', 'think', 'failing', 'look', 'minorities', 'lot', 'crimes', 'lot', 'acts', 'hate', 'still', 'happening', 'julca', 'said', 'sometimes', 'sad', 'say', 'white', 'speak', 'language', 'get', 'addressed.', 'duque', 'works', 'queens', 'pride', 'house', 'expressed', 'similar', 'sentiment', 'right', 'everybody', 'hurt', 'everybody', 'looking', 'unity', 'one', 'pessimist', 'think', 'easier', 'said', 'done', 'said', 'looking', 'broader', 'universe', 'lgbt', 'community', 'united', 'states', 'think', 'real', 'divisions', 'terms', 'access', 'power', 'access', 'money', 'funding.', 'referring', 'groups', 'like', 'human', 'rights', 'campaign', 'know', 'venue', 'organization', 'like', 'hrc', 'groundwork', 'terms', 'local', 'latino', 'communities', 'across', 'united', 'states', 'duque', 'said', 'club', 'owners', 'like', 'eddie', 'valentin', 'safety', 'foremost', 'minds', 'aftermath', 'orlando', 'bring', 'security', 'pat-downs', 'including', 'good', 'customers', 'something', 'trying', 'avoid', 'said', 'valentin', 'everyone', 'pleased', 'additional', 'security', 'believes', 'necessary', 'also', 'put', 'order', 'handheld', 'metal', 'detectors', 'owner', 'hombres', 'another', 'gay', 'bar', 'neighborhood', 'planning', 'add', 'another', 'security', 'guard', 'already', 'spoken', 'staff', 'increased', 'awareness', 'bar', 'days', 'prior', 'new', 'york', 'city', 'mayor', 'bill', 'de', 'blasio', 'announced', 'would', 'increased', 'police', 'presence', 'manhattan', 'pride', 'parade', 'move', 'since', 'repeated', 'authorities', 'around', 'country', 'promising', 'tighter', 'security', 'police', 'officers', 'patrol', 'month', 'parades', 'celebrations', 'new', 'orleans', 'already', 'prompted', 'one', 'organization', 'whose', 'membership', 'primarily', 'queer', 'youths', 'color', 'pull', 'pride', 'parade', 'past', 'weekend', 'group', 'wrote', 'facebook', 'w', 'hat', 'mean', 'lgbtq', 'youth', 'organization', 'made', 'predominately', 'youth', 'color', 'experiences', 'criminalization', 'new', 'orleans', 'youth', 'targets', 'police', 'new', 'york', 'los', 'angeles', 'country', '1969', 'stonewall', 'riots', 'police', 'kicked', 'feel', 'unsafe', 'pride', '47', 'years', 'later', 'policing', 'keep', 'lgbt', 'community', 'safe', 'mass', 'shooting', 'orlando', 'reignited', 'heated', 'long-standing', 'debate', 'one', 'often', 'fractured', 'along', 'racial', 'lines', 'reflecting', 'reality', 'queer', 'trans', 'people', 'color', 'often', 'targets', 'police', 'violence', 'last', 'monday', 'vigil', 'stonewall', 'inn', 'nypd', 'commissioner', 'william', 'bratton', 'booed', 'loudly', 'spoke', 'people', 'audience', 'drowning', 'shouts', 'kill', 'people', 'chants', 'say', 'names.', 'one', 'young', 'man', 'even', 'screamed', 'atop', 'bus', 'pole', 'bill', 'bratton', 'nypd', 'gunning', 'gay', 'lesbian', 'transgender', 'black', 'brown', 'youth.', 'unanimity', 'jackson', 'heights', 'question', 'need', 'police', 'outside', 'said', 'william', 'pena', 'last', 'week', 'vigil', 'outside', 'club', 'evolution', 'another', 'bar', 'patron', 'steven', 'urrea', 'believes', 'nypd', 'made', 'progress', 'treatment', 'lgbt', 'new', 'yorkers', 'police', 'great', 'support', 'community', 'changed', 'urrea', 'said', 'everyone', 'agrees', 'hello', 'stonewall', 'came', 'got', 'us', 'right', 'started', 'police', 'brutality', 'said', 'lala', 'zannell', 'transgender', 'black', 'woman', 'community', 'organizer', 'anti-violence', 'project', 'police', 'officers', 'begin', 'treat', 'queer', 'people', 'color', 'respect', 'zannell', 'said', 'forever', 'disconnect', 'lgbt', 'people', 'color', 'community', 'nypd.', 'aristizabal', 'make', 'road', 'new', 'york', 'sided', 'zannell', 'cop', 'front', 'club', 'never', 'meant', 'safety', 'us', 'said', 'understand', 'many', 'police', 'reports', 'get', 'like', 'man', 'dressed', 'woman', 'clothing', 'gets', 'stabbed.', ""'re"", 'like', 'think', 'man', 'dressed', 'women', 'clothing', 'trans', 'woman', 'way', 'home', 'way', 'work', 'happened', 'them.', 'tragedy', 'orlando', 'galvanized', 'queer', 'latino', 'community', 'especially', 'lgbt', 'latino', 'immigrants', 'way', 'even', 'deadly', 'beating', 'julio', 'rivera', '1990', 'murder', 'gay', 'colombian', 'immigrant', 'edgar', 'garzon', '2001', 'killing', 'trans', 'performer', 'lorena', 'escalera', '2012', 'see', 'happening', 'streets', 'four', 'nights', 'marching', 'tonight', 'fifth', 'council', 'member', 'dromm', 'said', 'thursday', 'shooting', 'seen', 'history', 'jackson', 'heights.', 'equally', 'important', 'said', 'duque', 'way', 'raised', 'visibility', 'lgbt', 'latinos', 'within', 'broader', 'latino', 'community', 'way', 'latino', 'community', 'starts', 'lgbt', 'latino', 'community', 'duque', 'said', 'took', 'said', 'people', 'realize', 'latino', 'community', 'beautiful', 'vibrant', 'amazing.', 'went', 'back', 'club', 'evolution', 'days', 'tuesday', 'vigil', 'found', 'community', 'still', 'mourning', 'makeshift', 'mural', 'sprung', 'wall', 'bar', 'made', 'pictures', 'victims', 'faces', 'along', 'names', 'ages', 'taped', 'together', 'form', 'public', 'remembrance', 'hung', 'black-and-white', 'portraits', 'banner', 'covered', 'handwritten', 'messages', 'love', 'you.', 'wish', 'protect', 'you.', 'love', 'love', 'love', 'love.', 'su', 'muerte', 'sera', 'en', 'vano.', 'death', 'vain', 'wake', 'shooting', 'orlando', 'people', 'afraid', 'go', 'clubs', 'bars', 'loved', 'night', 'let', 'fear', 'stop', 'jackson', 'heights', 'least', 'scant', 'hours', 'questions', 'safety', 'change', 'occur', 'tragedy', 'orlando', 'pushed', 'back', 'people', 'minds', 'club', 'evolution', 'tvs', 'ringing', 'bar', 'playing', 'usa', 'vs.', 'ecuador', 'copa', 'america', 'soccer', 'match', 'cheers', 'erupting', 'either', 'side', 'scored', 'goal', 'inside', 'friend', 'tavern', 'street', 'bachata', 'rihanna', 'merengue', 'michael', 'jackson', 'spilled', 'speakers', 'everyone', 'things', 'people', 'night', 'taking', 'selfies', 'smiles', 'pasted', 'faces', 'sitting', 'alone', 'bar', 'taking', 'scene', 'shimmying', 'favorite', 'song', 'started', 'playing', 'scrolling', 'instagram', 'feeds', 'arms', 'draped', 'one', 'another', 'scene', 'beautiful', 'mundane', 'uncelebrated', 'tragedy', 'struck', 'quotidian', 'turned', 'acts', 'feel', 'like', 'defiance', 'everyone', 'happy', 'alive', 'esther', 'wang', 'emerging', 'writers', 'fellow', 'buzzfeed', 'based', 'new', 'york', 'contact', 'esther', 'wang', 'esther.wang', 'buzzfeed.com', 'got', 'confidential', 'tip', 'submit', 'buzzfeed', 'news', 'investigation', 'partnership', 'international', 'consortium', 'investigative', 'journalists', 'based', 'thousands', 'documents', 'government', 'want', 'see']",Hialeah,"['latino', 'latino', 'latino', 'latino', 'latino', 'latino', 'latino', 'latino', 'latino', 'latino', 'latino', 'latino', 'latino', 'latino', 'latino', 'latino', 'latino', 'latino', 'latino', 'latino', 'latino', 'latino', 'latino', 'latino', 'latino']",6.25,1,0,None
1069201501,2010-06-11 14:49:47,Connolly: ‘Is there enough spending to be cut?’ | National Review,https://www.nationalreview.com/corner/connolly-there-enough-spending-be-cut-robert-costa/,en,False,"education and schools,murders and attempted murders",1117,National Review,http://www.nationalreview.com/,"['follow', 'us', 'national', 'review', 'biden', 'dismantles', 'ban', 'hiring', 'illegal', 'immigrants', 'colleges', 'exit', 'exam', 'sbc', 'executive', 'committee', 'president', 'ronnie', 'floyd', 'announces', 'resignation', 'else', 'fails', 'media', 'blast', 'ron', 'desantis', 'divisive', 'u.s.', 'supply', 'chain', 'makes', 'sense', 'even', 'ben', 'bernanke', 'flummoxed', 'rep.', 'gerry', 'connolly', 'd.', 'va.', 'least', 'ask', 'guam', 'tipping', 'least', 'ask', 'guam', 'tipping', 'get', 'conservative', 'analysis', 'delivered', 'right', 'charge', '2021', 'national', 'review', 'newsletters', '2021', 'national', 'review']",Hialeah,[],0,0,0,None
21635685,2010-07-29 15:00:00,"

        Obama chats on 'The View'","http://feeds.chicagotribune.com/~r/chicagotribune/arts/~3/l3SmyjFcB-Q/sns-ap-us-obama-the-view,0,7259951.story",en,False,"medicine and health,accidents and safety",9,Chicago Tribune,http://www.chicagotribune.com/,"['perhaps', 'help', 'find', 'wanted', 'hit', 'error', 'page', 'try', 'site', 'map', 'list', 'online', 'sections', 'check', 'columnists', 'page', 'also', 'search', 'tools', 'finding', 'particular', 'stories', 'topics', 'pages', 'covering', 'many', 'major', 'issues', 'people', 'looking', 'particular', 'suburban', 'publication', 'story', 'best', 'place', 'start', 'suburbs', 'page', 'finally', 'may', 'want', 'take', 'look', 'archives', 'date', 'back', '1849', 'none', 'suggestions', 'work', 'please', 'feel', 'free', 'read', 'faq', 'send', 'us', 'question', 'comment']",Hialeah,[],0,0,0,None
935808462,2010-07-31 00:00:00,Apple to open data center in China with government ties | Fox Business,https://www.foxbusiness.com/features/apple-to-open-data-center-in-china-with-government-ties,en,True,"computers and the internet,computer software",1092,Fox News,http://www.foxnews.com/,"['quotes', 'displayed', 'real-time', 'delayed', 'least', '15', 'minutes', 'market', 'data', 'provided', 'factset', 'powered', 'implemented', 'factset', 'digital', 'solutions', 'legal', 'statement', 'mutual', 'fund', 'etf', 'data', 'provided', 'refinitiv', 'lipper', 'material', 'may', 'published', 'broadcast', 'rewritten', 'redistributed', '©2021', 'fox', 'news', 'network', 'llc', 'rights', 'reserved', 'faq', 'new', 'privacy', 'policy', 'apple', 'open', 'data', 'center', 'mainland', 'china', 'ties', 'country', 'government', 'raising', 'concerns', 'security', 'icloud', 'accounts', 'store', 'personal', 'information', 'transferred', 'iphones', 'ipads', 'mac', 'computers', 'data', 'center', 'announced', 'wednesday', 'located', 'guizhou', 'province', 'run', 'company', 'owned', 'chinese', 'government', 'apple', 'teaming', 'company', 'guizhou', 'cloud', 'big', 'data', 'comply', 'new', 'chinese', 'law', 'requiring', 'data-storage', 'providers', 'keep', 'information', 'mainland', 'china', 'customers', 'computers', 'located', 'within', 'country', 'guizhou', 'data', 'center', 'store', 'photos', 'video', 'documents', 'personal', 'information', 'uploaded', 'icloud', 'accounts', 'apple', 'customers', 'live', 'mainland', 'china', 'even', ""'re"", 'traveling', 'outside', 'country', 'backups', 'data', 'stored', 'icloud', 'accounts', 'customers', 'outside', 'china', 'continue', 'stored', 'data', 'centers', 'u.s.', 'eventually', 'denmark', 'major', 'technology', 'companies', 'including', 'amazon', 'microsoft', 'ibm', 'already', 'made', 'similar', 'deals', 'run', 'data', 'centers', 'mainland', 'china', 'remain', 'good', 'graces', 'country', 'communist', 'government', 'apple', 'acquiescence', 'striking', 'ceo', 'tim', 'cook', 'made', 'preserving', 'customers', 'privacy', 'company', 'cornerstone', 'cupertino', 'california', 'company', 'underscored', 'commitment', 'last', 'year', 'high-profile', 'battle', 'u.s.', 'government', 'legal', 'demand', 'crack', 'open', 'iphone', 'suspected', 'killer', 'mass', 'shooting', 'apple', 'strong', 'incentive', 'toe', 'line', 'china', 'country', 'already', 'third-largest', 'market', 'behind', 'north', 'america', 'europe', 'signs', 'pointing', 'become', 'even', 'bigger', 'profit', 'center', 'china', 'currently', 'accounts', '20', 'percent', 'apple', 'revenue', 'even', 'though', 'working', 'government-owned', 'company', 'apple', 'sought', 'reassure', 'customers', 'china', 'arrangement', 'wo', 'compromise', 'privacy', 'customers', 'know', 'apple', 'strong', 'data', 'privacy', 'security', 'protections', 'place', 'backdoors', 'created', 'systems', 'company', 'said', 'statement', 'apple', 'says', 'hold', 'security', 'keys', 'protecting', 'data', 'people', 'routinely', 'back', 'icloud', 'accounts', 'experts', 'believe', 'data', 'center', 'make', 'easier', 'government', 'retrieve', 'information', 'legal', 'demands', 'means', 'apple', 'find', 'challenging', 'resist', 'order', 'chinese', 'court', 'give', 'authorities', 'access', 'icloud', 'account', 'want', 'sift', 'predicted', 'nate', 'cardozo', 'senior', 'staff', 'attorney', 'specializing', 'privacy', 'electronic', 'frontier', 'foundation', 'digital', 'rights', 'group', 'currently', 'chinese', 'government', 'funnel', 'demands', 'u.s.', 'court', 'system', 'difficult', 'process', 'negotiate', 'cardozo', 'recommends', 'apple', 'customers', 'mainland', 'customer', 'turn', 'icloud', 'feature', 'iphones', 'devices', 'protect', 'information', 'prying', 'eyes', 'data', 'stored', 'devices', 'remain', 'secure', 'long', 'lock', 'passwords', 'user', 'knows', 'even', 'government', 'seizes', 'device', 'apple', 'wo', 'keys', 'unlock', 'data', 'icloud', 'apple', 'keys', 'exception', 'passwords', 'credit', 'card', 'data', 'synced', 'icloud', 'keychain', 'ajay', 'arora', 'ceo', 'data', 'security', 'specialist', 'vera', 'also', 'warns', 'apple', 'partnership', 'company', 'owned', 'chinese', 'government', 'increases', 'chances', 'authorities', 'could', 'secretly', 'pry', 'way', 'icloud', 'accounts', 'like', 'apple', 'putting', 'fox', 'charge', 'henhouse', 'arora', 'said', 'quotes', 'displayed', 'real-time', 'delayed', 'least', '15', 'minutes', 'market', 'data', 'provided', 'factset', 'powered', 'implemented', 'factset', 'digital', 'solutions', 'legal', 'statement', 'mutual', 'fund', 'etf', 'data', 'provided', 'refinitiv', 'lipper', 'material', 'may', 'published', 'broadcast', 'rewritten', 'redistributed', '©2021', 'fox', 'news', 'network', 'llc', 'rights', 'reserved', 'faq', 'new', 'privacy', 'policy']",Hialeah,[],0,0,0,None
946861045,2010-07-31 00:00:00,Sheldon and Miriam Adelson met with Trump amid Las Vegas shooting aftermath | Fox Business,https://www.foxbusiness.com/politics/sheldon-and-miriam-adelson-met-with-trump-amid-las-vegas-shooting-aftermath,en,False,"politics and government,finances",1092,Fox News,http://www.foxnews.com/,"['quotes', 'displayed', 'real-time', 'delayed', 'least', '15', 'minutes', 'market', 'data', 'provided', 'factset', 'powered', 'implemented', 'factset', 'digital', 'solutions', 'legal', 'statement', 'mutual', 'fund', 'etf', 'data', 'provided', 'refinitiv', 'lipper', 'material', 'may', 'published', 'broadcast', 'rewritten', 'redistributed', '©2021', 'fox', 'news', 'network', 'llc', 'rights', 'reserved', 'faq', 'new', 'privacy', 'policy', 'day', 'las', 'vegas', 'strip', 'massacre', 'worst', 'mass', 'shooting', 'u.s.', 'history', 'president', 'donald', 'trump', 'turned', 'two', 'trusted', 'supporters', 'get', 'advice', 'start', 'healing', 'process', 'victims', 'sunday', 'tragedy', 'claimed', '59', 'lives', 'injured', '500', 'fox', 'business', 'learned', 'billionaire', 'casino', 'magnate', 'sheldon', 'adelson', 'net', 'worth', '36', 'billion', 'according', 'forbes', 'wife', 'miriam', 'already', 'scheduled', 'meet', 'trump', 'son', 'law', 'jared', 'kushner', 'white', 'house', 'monday', 'discuss', 'future', 'policy', 'decisions', 'instead', 'brainstormed', 'ways', 'assist', 'victims', 'families', 'administration', 'officials', 'tell', 'fox', 'business', 'officials', 'would', 'get', 'specifics', 'policies', 'discussed', 'day', 'president', 'meeting', 'adelsons', 'trump', 'addressed', 'nation', 'calling', 'shooting', 'act', 'pure', 'evil.', 'trump', 'visit', 'las', 'vegas', 'wednesday', 'adelson', 'chairman', 'chief', 'executive', 'officer', 'las', 'vegas', 'sands', 'corporation', 'nyse', 'lvs', 'wife', 'miriam', 'two', 'trump', 'top', 'donors', '2016', 'presidential', 'campaign', 'giving', '20', 'million', 'pro-trump', 'super', 'pac', 'future45', 'according', 'center', 'responsive', 'politics', 'adelson', 'also', 'promised', 'contribute', '100', 'million', 'trump', 'campaign', 'help', 'republican', 'candidate', 'defeat', 'democratic', 'nominee', 'hillary', 'clinton', 'miriam', 'adelson', 'doctor', 'chairman', 'dr.', 'miriam', 'sheldon', 'g.', 'adelson', 'clinic', 'drug', 'abuse', 'treatment', 'research', 'according', 'website', 'clinic', 'private', 'non-profit', 'organization', 'founded', 'dr.', 'miriam', 'sheldon', 'g.', 'adelson', 'dedicated', 'treating', 'disease', 'opiate', 'heroin', 'painkillers', 'addiction', 'providing', 'methadone', 'maintenance', 'treatment', 'counseling', 'services.', 'adelson', 'pro-israel', 'philanthropist', 'reportedly', 'expressed', 'disappointment', 'trump', 'u.s.', 'embassy', 'yet', 'moved', 'tel', 'aviv', 'jerusalem', 'according', 'israel', 'channel', '2', 'television', 'news', 'spokesman', 'las', 'vegas', 'sands', 'corporation', 'return', 'fox', 'business', 'emails', 'comment', 'jared', 'kushner', 'key', 'player', 'father-in-law', 'administration', 'attempt', 'establishing', 'peace', 'israel', 'palestine', 'senior', 'white', 'house', 'adviser', 'kushner', 'traveled', 'middle', 'east', 'numerous', 'occasions', 'meet', 'representatives', 'regions', 'well', 'leaders', 'egypt', 'saudi', 'arabia', 'jordan', 'trump', 'refused', 'past', 'publicly', 'commit', 'so-called', 'two-state', 'solution', 'independent', 'palestinian', 'state', 'would', 'co-exist', 'alongside', 'israel', 'trump', 'reluctance', 'embrace', 'solution', 'departure', 'official', 'policy', 'previous', 'two', 'presidential', 'administrations', 'meeting', 'israeli', 'prime', 'minister', 'benjamin', 'netanyahu', 'september', 'two', 'leaders', 'discussed', 'possibility', 'peace', 'deal', 'israel', 'palestine', 'elaborate', 'whether', 'two-state', 'solution', 'answer', 'people', 'would', 'say', 'chance', 'whatsoever', 'actually', 'think', 'capability', 'bibi', 'frankly', 'side', 'really', 'think', 'chance', 'trump', 'said', 'think', 'israel', 'would', 'like', 'see', 'think', 'palestinians', 'would', 'like', 'see', 'quotes', 'displayed', 'real-time', 'delayed', 'least', '15', 'minutes', 'market', 'data', 'provided', 'factset', 'powered', 'implemented', 'factset', 'digital', 'solutions', 'legal', 'statement', 'mutual', 'fund', 'etf', 'data', 'provided', 'refinitiv', 'lipper', 'material', 'may', 'published', 'broadcast', 'rewritten', 'redistributed', '©2021', 'fox', 'news', 'network', 'llc', 'rights', 'reserved', 'faq', 'new', 'privacy', 'policy']",Hialeah,[],0,0,0,None
829040992,2010-07-31 00:00:00,Apple Likely to Invoke Free-Speech Rights in Encryption Fight | Fox Business,https://www.foxbusiness.com/markets/apple-likely-to-invoke-free-speech-rights-in-encryption-fight,en,False,"privacy,politics and government,computers and the internet,computer software",1092,Fox News,http://www.foxnews.com/,"['quotes', 'displayed', 'real-time', 'delayed', 'least', '15', 'minutes', 'market', 'data', 'provided', 'factset', 'powered', 'implemented', 'factset', 'digital', 'solutions', 'legal', 'statement', 'mutual', 'fund', 'etf', 'data', 'provided', 'refinitiv', 'lipper', 'material', 'may', 'published', 'broadcast', 'rewritten', 'redistributed', '©2021', 'fox', 'news', 'network', 'llc', 'rights', 'reserved', 'faq', 'new', 'privacy', 'policy', 'apple', 'likely', 'seek', 'invoke', 'united', 'states', 'protections', 'free', 'speech', 'one', 'key', 'legal', 'arguments', 'trying', 'block', 'order', 'help', 'unlock', 'encrypted', 'iphone', 'one', 'san', 'bernardino', 'shooters', 'lawyers', 'expertise', 'subject', 'said', 'week', 'company', 'thursday', 'granted', 'three', 'additional', 'days', 'court', 'file', 'response', 'order', 'apple', 'feb.', '26', 'send', 'reply', 'person', 'familiar', 'matter', 'told', 'reuters', 'tech', 'giant', 'obama', 'administration', 'track', 'major', 'collision', 'computer', 'security', 'encryption', 'federal', 'magistrate', 'judge', 'los', 'angeles', 'handed', 'order', 'tuesday', 'requiring', 'apple', 'provide', 'specific', 'software', 'technical', 'assistance', 'investigators', 'apple', 'chief', 'executive', 'tim', 'cook', 'called', 'request', 'federal', 'bureau', 'investigation', 'unprecedented', 'tech', 'giants', 'facebook', 'twitter', 'alphabet', 'google', 'rallied', 'support', 'apple', 'apple', 'retained', 'two', 'prominent', 'free-speech', 'lawyers', 'battle', 'government', 'according', 'court', 'papers', 'theodore', 'olson', 'political-speech', 'case', 'citizens', 'united', 'v.', 'federal', 'election', 'commission', '2010', 'theodore', 'boutrous', 'frequently', 'represents', 'media', 'organizations', 'government', 'lawyers', 'u.s.', 'justice', 'department', 'defended', 'request', 'court', 'papers', 'citing', 'various', 'authorities', '1977', 'u.s.', 'supreme', 'court', 'ruling', 'upheld', 'order', 'compelling', 'telephone', 'company', 'provide', 'assistance', 'setting', 'device', 'record', 'telephone', 'numbers', 'high', 'court', 'said', 'writs', 'act', 'law', '1789', 'authorized', 'order', 'scope', 'ruling', 'expected', 'main', 'target', 'apple', 'files', 'response', 'court', 'early', 'next', 'week', 'apple', 'likely', 'also', 'broaden', 'challenge', 'include', 'first', 'amendment', 'guarantee', 'speech', 'rights', 'according', 'lawyers', 'involved', 'dispute', 'following', 'compared', 'countries', 'united', 'states', 'strong', 'guarantee', 'speech', 'rights', 'even', 'corporations', 'least', 'one', 'court', 'ruled', 'computer', 'code', 'form', 'speech', 'although', 'ruling', 'later', 'voided', 'apple', 'could', 'argue', 'required', 'create', 'provide', 'specific', 'computer', 'code', 'amounts', 'unlawful', 'compelled', 'speech', 'said', 'riana', 'pfefferkorn', 'cryptography', 'fellow', 'stanford', 'university', 'center', 'internet', 'society', 'order', 'apple', 'novel', 'compels', 'company', 'create', 'new', 'forensic', 'tool', 'use', 'turn', 'information', 'apple', 'possession', 'pfefferkorn', 'said', 'think', 'significant', 'first', 'amendment', 'concern', 'said', 'spokesman', 'u.s.', 'attorney', 'office', 'los', 'angeles', 'declined', 'comment', 'possible', 'free-speech', 'questions', 'thursday', 'speech-rights', 'argument', 'apple', 'though', 'could', 'met', 'skepticism', 'courts', 'computer', 'code', 'become', 'ubiquitous', 'underpins', 'much', 'u.s.', 'economy', 'argument', 'enormous', 'breadth', 'said', 'stuart', 'benjamin', 'duke', 'university', 'law', 'professor', 'writes', 'first', 'amendment', 'said', 'apple', 'would', 'need', 'show', 'computer', 'code', 'conveyed', 'substantive', 'message', 'case', 'brought', 'mathematician', 'u.s.', 'export', 'controls', 'three-judge', 'panel', '9th', 'u.s', 'circuit', 'court', 'appeals', 'covers', 'california', 'found', '1999', 'source', 'code', 'behind', 'encryption', 'software', 'protected', 'speech', 'opinion', 'later', 'withdrawn', 'full', 'court', 'could', 'rehear', 'case', 'rehearing', 'canceled', 'appeal', 'declared', 'moot', 'government', 'revised', 'export', 'controls', 'fbi', 'prosecutors', 'seeking', 'apple', 'assistance', 'read', 'data', 'iphone', '5c', 'used', 'rizwan', 'farook', 'along', 'wife', 'tashfeen', 'malik', 'carried', 'san', 'bernardino', 'shootings', 'killed', '14', 'people', 'wounded', '22', 'others', 'holiday', 'party', 'u.s.', 'prosecutors', 'smart', 'pick', 'mass', 'shooting', 'test', 'case', 'encryption', 'fight', 'tech', 'companies', 'said', 'michael', 'froomkin', 'university', 'miami', 'law', 'professor', 'shooting', 'large', 'emotional', 'impact', 'also', 'demonstrating', 'danger', 'posed', 'armed', 'militants', 'said', 'addition', 'iphone', 'dispute', 'owned', 'farook', 'employer', 'local', 'government', 'consented', 'search', 'iphone', 'federal', 'magistrate', 'issued', 'order', 'sheri', 'pym', 'also', 'former', 'federal', 'prosecutor', 'one', 'worst', 'set', 'facts', 'possible', 'apple', 'government', 'picked', 'case', 'froomkin', 'said', 'froomkin', 'added', 'though', 'fight', 'enormously', 'important', 'company', 'possibility', 'new', 'forensic', 'tool', 'could', 'easily', 'used', 'phones', 'damage', 'could', 'done', 'apple', 'global', 'brand', 'withstand', 'government', 'demands', 'privacy', 'demands', 'make', 'phones', 'less', 'attractive', 'users', 'said', 'reporting', 'david', 'ingram', 'alison', 'frankel', 'new', 'york', 'dan', 'levine', 'san', 'francisco', 'editing', 'jonathan', 'weber', 'lisa', 'shumaker', 'gopakumar', 'warrier', 'quotes', 'displayed', 'real-time', 'delayed', 'least', '15', 'minutes', 'market', 'data', 'provided', 'factset', 'powered', 'implemented', 'factset', 'digital', 'solutions', 'legal', 'statement', 'mutual', 'fund', 'etf', 'data', 'provided', 'refinitiv', 'lipper', 'material', 'may', 'published', 'broadcast', 'rewritten', 'redistributed', '©2021', 'fox', 'news', 'network', 'llc', 'rights', 'reserved', 'faq', 'new', 'privacy', 'policy']",Hialeah,[],0,0,0,None
945383195,2010-07-31 00:00:00,Gun Stocks Surge Following Orlando Terror Attack | Fox Business,https://www.foxbusiness.com/markets/gun-stocks-surge-following-orlando-terror-attack,en,False,"politics and government,law and legislation,finances,united states politics and government,terrorism",1092,Fox News,http://www.foxnews.com/,"['quotes', 'displayed', 'real-time', 'delayed', 'least', '15', 'minutes', 'market', 'data', 'provided', 'factset', 'powered', 'implemented', 'factset', 'digital', 'solutions', 'legal', 'statement', 'mutual', 'fund', 'etf', 'data', 'provided', 'refinitiv', 'lipper', 'material', 'may', 'published', 'broadcast', 'rewritten', 'redistributed', '©2021', 'fox', 'news', 'network', 'llc', 'rights', 'reserved', 'faq', 'new', 'privacy', 'policy', 'traders', 'rushed', 'buy', 'gun', 'makers', 'monday', 'lawmakers', 'reignited', 'calls', 'new', 'gun-control', 'regulations', 'aftermath', 'terrorist', 'attack', 'orlando', 'smith', 'wesson', 'nasdaq', 'swhc', 'sturm', 'ruger', 'co.', 'nyse', 'rgr', 'two', 'largest', 'gun', 'manufacturers', 'america', 'rallied', 'kick', 'new', 'week', 'trading', 'smith', 'wesson', 'rallied', '6.9', '22.88', 'ruger', 'jumped', '7.9', '61.93', 'vista', 'outdoor', 'nyse', 'vsto', 'owns', 'savage', 'arms', 'federal', 'premium', 'ammunition', 'rose', '2.3', '48.11', 'hillary', 'clinton', 'presumptive', 'democratic', 'nominee', 'pushing', 'reinstatement', 'ban', 'assault', 'weapons', 'following', 'terrorist', 'attack', 'law', 'enforcement', 'officials', 'say', 'gunman', 'reportedly', 'pledged', 'allegiance', 'isis', 'killed', 'least', '49', 'people', 'nightclub', 'orlando', 'early', 'sunday', 'morning', 'deadliest', 'mass', 'shooting', 'history', 'united', 'states', 'reminds', 'us', 'weapons', 'war', 'place', 'streets', 'clinton', 'said', 'statement', 'republican', 'presidential', 'candidate', 'donald', 'trump', 'promised', 'protect', 'gun', 'rights', 'speech', 'friday', 'trump', 'said', 'hillary', 'clinton', 'wants', 'abolish', 'second', 'amendment.', 'former', 'president', 'bill', 'clinton', 'signed', '10-year', 'federal', 'ban', 'ar-15', 'rifles', '1994', 'ban', '10-year', 'sunset', 'provision', 'expired', 'president', 'george', 'w.', 'bush', '2004', 'ar-15', 'semi-automatic', 'rifle', 'design', 'purchased', 'colt', 'early', '1960s', 'later', 'adopted', 'u.s.', 'military', 'm16', '1994', 'ban', 'lifted', 'ar-15', 'became', 'popular', 'firearm', 'consumer', 'market', 'ar-15', 'models—also', 'known', 'modern', 'sporting', 'rifles—are', 'manufactured', 'multiple', 'companies', 'including', 'smith', 'wesson', 'ruger', 'gun', 'stocks', 'widely', 'outperformed', 'broader', 'market', 'president', 'barack', 'obama', 'time', 'office', 'since', 'jan.', '23', '2009', 'smith', 'wesson', 'gained', '737', 'ruger', '822', 'closing', 'bell', 'friday', 'p', '500', 'increased', '135', 'period', 'according', 'fbi', 'background', 'checks', 'gun', 'purchases', 'permits', 'hit', 'record', '23.1', 'million', '2015', 'far', 'year', 'background', 'checks', '31', '11.7', 'million', 'may', 'quotes', 'displayed', 'real-time', 'delayed', 'least', '15', 'minutes', 'market', 'data', 'provided', 'factset', 'powered', 'implemented', 'factset', 'digital', 'solutions', 'legal', 'statement', 'mutual', 'fund', 'etf', 'data', 'provided', 'refinitiv', 'lipper', 'material', 'may', 'published', 'broadcast', 'rewritten', 'redistributed', '©2021', 'fox', 'news', 'network', 'llc', 'rights', 'reserved', 'faq', 'new', 'privacy', 'policy']",Hialeah,[],0,0,None
1341142172,2010-07-31 00:00:00,"Budget undercuts Trump focus on mental health, school safety | Fox Business",https://www.foxbusiness.com/markets/budget-undercuts-trump-focus-on-mental-health-school-safety,en,False,"education and schools,finances,budgets and budgeting,medicine and health,medicaid,mental health and disorders",1092,Fox News,http://www.foxnews.com/,"['quotes', 'displayed', 'real-time', 'delayed', 'least', '15', 'minutes', 'market', 'data', 'provided', 'factset', 'powered', 'implemented', 'factset', 'digital', 'solutions', 'legal', 'statement', 'mutual', 'fund', 'etf', 'data', 'provided', 'refinitiv', 'lipper', 'material', 'may', 'published', 'broadcast', 'rewritten', 'redistributed', '©2021', 'fox', 'news', 'network', 'llc', 'rights', 'reserved', 'faq', 'new', 'privacy', 'policy', 'president', 'donald', 'trump', 'calling', 'focus', 'mental', 'health', 'school', 'safety', 'response', 'shootings', 'like', 'one', 'took', '17', 'lives', 'florida', 'budget', 'would', 'cut', 'funding', 'areas', 'trump', 'latest', 'budget', 'would', 'slash', 'major', 'source', 'public', 'funds', 'mental', 'health', 'treatment', 'medicaid', 'program', 'serving', '70', 'million', 'low-income', 'disabled', 'people', 'budget', 'also', 'calls', '36', 'percent', 'cut', 'education', 'department', 'grant', 'program', 'supports', 'safer', 'schools', 'reducing', '25', 'million', 'current', 'level', '67.5', 'million', 'however', 'smaller', 'mental', 'health', 'programs', 'would', 'get', 'increase', 'budget', 'issued', 'monday', 'horrific', 'mass', 'shooting', 'south', 'florida', 'high', 'school', 'spending', 'priorities', 'often', 'change', 'response', 'events', 'galvanize', 'national', 'attention', 'case', 'advocates', 'policy', 'experts', 'said', 'budget', 'numbers', 'call', 'question', 'much', 'value', 'administration', 'places', 'mental', 'health', 'whatever', 'small', 'increases', 'asking', 'offset', 'changes', 'would', 'make', 'medicaid', 'said', 'andrew', 'sperling', 'legislative', 'advocacy', 'director', 'national', 'alliance', 'mental', 'illness', 'budget', 'resurrects', 'gop', 'medicaid', 'plan', 'failed', 'congress', 'last', 'year', 'calls', 'turning', 'program', 'states', 'limiting', 'future', 'federal', 'payments', 'would', 'mean', 'cut', '1.4', 'trillion', '10', 'years', 'projected', 'spending', 'states', 'would', 'face', 'hard', 'choices', 'competing', 'priorities', 'like', 'mental', 'health', 'addiction', 'treatment', 'nursing', 'home', 'costs', 'prenatal', 'care', 'low-income', 'women', 'area', 'see', 'budget', 'providing', 'increase', 'opioid', 'addiction', 'side', 'said', 'diane', 'rowland', 'medicaid', 'expert', 'nonpartisan', 'kaiser', 'family', 'foundation', 'people', 'mental', 'health', 'challenges', 'going', 'substance', 'abusers', 'school', 'safety', 'administration', 'wants', 'slash', 'funding', 'national', 'school', 'safety', 'initiatives', 'nearly', '25', 'million', '2019', 'year', 'projected', 'funding', '67.5', 'million', 'administration', 'wants', 'school', 'districts', 'use', 'funds', 'opioid', 'addiction', 'prevention', 'programs', 'education', 'department', 'spokeswoman', 'liz', 'hill', 'schools', 'also', 'spend', 'money', 'violence', 'prevention', 'safety', 'department', 'committed', 'providing', 'resources', 'direct', 'support', 'technical', 'assistance', 'schools', 'suffered', 'unthinkable', 'tragedy', 'hill', 'said', 'department', 'also', '5', 'million', 'special', 'emergency', 'response', 'grants', 'schools', 'use', 'aftermath', 'shootings', 'tragedies', 'hill', 'address', 'cut', 'grant', 'program', 'needed', 'first', 'place', 'education', 'secretary', 'betsy', 'devos', 'thursday', 'called', 'congress', 'start', 'serious', 'national', 'conversation', 'tackling', 'mental', 'health', 'issues', 'aftermath', 'deadly', 'florida', 'high', 'school', 'shooting', 'one', 'shootings', 'one', 'many', 'got', 'honest', 'conversation', 'congress', 'lead', 'job', 'told', 'conservative', 'host', 'hugh', 'hewitt', 'senior', 'democratic', 'lawmaker', 'involved', 'health', 'care', 'well', 'budget', 'issues', 'said', 'leadership', 'supposed', 'come', 'white', 'house', 'president', 'serious', 'stopping', 'scourge', 'gun', 'violence', '...', 'would', 'work', 'congress', 'common', 'sense', 'gun', 'safety', 'measures', 'rather', 'pointing', 'mental', 'health', 'services', 'school', 'safety', 'solutions', 'days', 'introducing', 'budget', 'slashes', 'investments', 'sen.', 'patty', 'murray', 'd-wash.', 'said', 'statement', 'future', 'medicaid', 'trump', 'gop', 'congress', 'one', 'murray', 'central', 'concerns', 'program', 'role', 'mental', 'health', 'care', 'underscored', 'kaiser', 'foundation', 'study', 'found', 'program', 'accounted', '25', 'percent', 'nation', 'spent', '2014', '46', 'billion', 'medicaid', 'slightly', 'behind', 'private', 'payments', 'mental', 'health', 'care', 'accounted', '28', 'percent', 'administration', 'says', 'states', 'able', 'run', 'medicaid', 'efficiently', 'without', 'sacrificing', 'health', 'well-being', 'residents', 'getting', 'trump', 'medicaid', 'overhaul', 'congress', 'would', 'tall', 'order', 'since', 'key', 'republican', 'governors', 'opposed', 'last', 'year', 'seem', 'much', 'effort', 'get', 'board', 'also', 'mental', 'health', 'area', 'administration', 'highlighting', '15-million', 'budget', 'request', 'assertive', 'community', 'treatment', 'new', 'approach', 'seeks', 'keep', 'people', 'serious', 'mental', 'health', 'problems', 'cycled', 'jails', 'emergency', 'rooms', 'however', 'sperling', 'said', 'program', 'already', 'authorized', 'congress', 'focuses', 'people', 'long', 'history', 'serious', 'illness', 'budget', 'documents', 'trump', 'administration', 'noted', 'estimated', '43', 'million', 'american', 'adults', 'met', 'medical', 'standard', 'mental', 'behavioral', 'emotional', 'disorder', 'substantially', 'interfered', 'limited', 'major', 'life', 'activities', '10', 'million', 'people', 'serious', 'mental', 'illness', 'ap', 'state', 'government', 'reporter', 'christina', 'a.', 'cassidy', 'atlanta', 'contributed', 'report', 'quotes', 'displayed', 'real-time', 'delayed', 'least', '15', 'minutes', 'market', 'data', 'provided', 'factset', 'powered', 'implemented', 'factset', 'digital', 'solutions', 'legal', 'statement', 'mutual', 'fund', 'etf', 'data', 'provided', 'refinitiv', 'lipper', 'material', 'may', 'published', 'broadcast', 'rewritten', 'redistributed', '©2021', 'fox', 'news', 'network', 'llc', 'rights', 'reserved', 'faq', 'new', 'privacy', 'policy']",Hialeah,[],0,0,0,None
22110510,2010-08-08 00:38:38,Four victims of Connecticut shooter laid to rest,http://rss.cnn.com/~r/rss/cnn_latest/~3/3yQEGG0kWpM/index.html,en,False,murders and attempted murders,1095,CNN,http://www.cnn.com/,"['read', 'story', 'cnn', 'affiliate', 'wtnh', 'cnn', '--', 'hundreds', 'family', 'members', 'friends', 'neighbors', 'four', 'eight', 'victims', 'workplace', 'shooting', 'rampage', 'gathered', 'funeral', 'services', 'around', 'manchester', 'connecticut', 'saturday', 'share', 'tears', 'memories', 'four', 'men', 'laid', 'rest', 'worked', 'hartford', 'distributors', 'around', '30', 'years', 'omar', 'thornton', 'shooting', 'spree', 'tuesday', 'ended', 'took', 'life', ""'re"", 'pretty', 'tight', 'neighborhood', 'said', 'mary', 'bey', 'south', 'windsor', 'funeral', 'craig', 'pepin', '60', 'described', 'wonderful', 'neighbor', 'friend', 'coach', 'referee', 'touched', 'many', 'people', 'lives', 'south', 'windsor', '...', 'unique', 'kind', 'wonderful', 'man', 'told', 'cnn', 'connecticut', 'affiliate', 'wtnh', 'bey', 'also', 'knows', 'hartford', 'distributors', 'employee', 'injured', 'rampage', ""'re"", 'happy', 'made', 'said', 'steven', 'hollander', 'neighbor', 'treated', 'released', 'hartford', 'hospital', 'besides', 'pepin', 'bryan', 'cirigliano', '51', 'douglas', 'scruton', '56', 'victor', 'james', 'killed', '61st', 'birthday', 'also', 'buried', 'saturday', ""'ve"", 'outpouring', 'support', 'james', 'daughter', 'told', 'wtnh', 'felt', 'good', 'hear', 'stories', 'see', 'amount', 'people', 'came', 'see', 'dad', 'funeral', 'services', 'two', 'shooting', 'victims', 'scheduled', 'sunday', 'monday', 'candlelight', 'vigil', 'killed', 'scheduled', 'sunday', 'evening', 'manchester', 'center', 'park', 'connecticut', 'gov', 'm.', 'jodi', 'rell', 'called', 'monday', 'day', 'remembrance', 'victims', 'asking', 'state', 'residents', 'observe', 'moment', 'silence', '9:15', 'a.m.', 'friday', 'police', 'arrested', 'woman', 'said', 'accepted', 'stolen', 'beer', 'delivery', 'truck', 'driven', 'thornton', 'hartford', 'distributors', 'said', 'asked', 'thornton', 'resign', 'found', 'stealing', 'selling', 'alcoholic', 'beverages', 'thornton', 'girlfriend', 'told', 'cnn', 'racially', 'harassed', 'work', 'hartford', 'distributors', 'president', 'said', 'thursday', 'grievances', 'filed', 'company', 'thornton', 'union']",Hialeah,[],0,0,0,None
22167395,2010-08-09 11:15:00,"

        IRS will make refund loans harder to get","http://feeds.chicagotribune.com/~r/chicagotribune/business/~3/mUHzxPgzUHA/sns-ap-us-irs-taxpayer-information,0,7247422.story",en,False,football,9,Chicago Tribune,http://www.chicagotribune.com/,"['perhaps', 'help', 'find', 'wanted', 'hit', 'error', 'page', 'try', 'site', 'map', 'list', 'online', 'sections', 'check', 'columnists', 'page', 'also', 'search', 'tools', 'finding', 'particular', 'stories', 'topics', 'pages', 'covering', 'many', 'major', 'issues', 'people', 'looking', 'particular', 'suburban', 'publication', 'story', 'best', 'place', 'start', 'suburbs', 'page', 'finally', 'may', 'want', 'take', 'look', 'archives', 'date', 'back', '1849', 'none', 'suggestions', 'work', 'please', 'feel', 'free', 'read', 'faq', 'send', 'us', 'question', 'comment']",Hialeah,[],0,0,0,None
22176472,2010-08-08 05:00:00,"

        Cut Chemist plays with African sounds on","http://feeds.chicagotribune.com/~r/chicagotribune/arts/~3/qQr3PMU9Cl0/la-ca-cut-chemist-20100808,0,3200990.story",en,False,education and schools,9,Chicago Tribune,http://www.chicagotribune.com/,"['perhaps', 'help', 'find', 'wanted', 'hit', 'error', 'page', 'try', 'site', 'map', 'list', 'online', 'sections', 'check', 'columnists', 'page', 'also', 'search', 'tools', 'finding', 'particular', 'stories', 'topics', 'pages', 'covering', 'many', 'major', 'issues', 'people', 'looking', 'particular', 'suburban', 'publication', 'story', 'best', 'place', 'start', 'suburbs', 'page', 'finally', 'may', 'want', 'take', 'look', 'archives', 'date', 'back', '1849', 'none', 'suggestions', 'work', 'please', 'feel', 'free', 'read', 'faq', 'send', 'us', 'question', 'comment']",Hialeah,[],0,0,0,None
23365235,2010-09-01 17:13:29,"There was second survivor from Mexico massacre, officials say",http://rss.cnn.com/~r/rss/cnn_mostpopular/~3/Kga7otDuwQE/index.html,en,False,murders and attempted murders,1095,CNN,http://www.cnn.com/,"['mexico', 'city', 'mexico', 'cnn', '--', 'second', 'person', 'survived', 'massacre', '72', 'migrants', 'central', 'south', 'america', 'killed', 'last', 'week', 'northern', 'mexico', 'ecuadorian', 'president', 'rafael', 'correa', 'mexican', 'officials', 'said', 'man', 'ecuador', 'previously', 'thought', 'survivor', 'man', 'identified', 'luis', 'freddy', 'lala', 'pomavilla', 'said', 'someone', 'else', 'also', 'lived', 'mass', 'shooting', 'correa', 'said', 'news', 'conference', 'late', 'tuesday', 'night', 'upon', 'return', 'ecuador', 'trip', 'haiti', 'correa', 'provide', 'details', 'say', 'second', 'survivor', 'came', 'honduras', 'want', 'put', 'danger', 'correa', 'said', 'viviana', 'macias', 'spokeswoman', 'mexican', 'attorney', 'general', 'office', 'confirmed', 'wednesday', 'second', 'person', 'survived', 'attack', 'attorney', 'general', 'office', 'said', 'authorities', 'revealed', 'news', 'second', 'survivor', 'order', 'protect', 'person', 'safety', 'reason', 'officials', 'said', 'wednesday', 'reveal', 'person', 'identity', 'attorney', 'general', 'office', 'said', 'release', 'wednesday', 'afternoon', 'survivor', 'held', 'protected', 'witness', 'given', 'officials', 'relevant', 'information', 'identify', 'presumed', 'responsible', 'agency', 'touch', 'authorities', 'honduras', 'release', 'said', 'lala', 'pomavilla', 'ecuadorian', 'survivor', 'returned', 'homeland', 'late', 'sunday', 'young', 'man', 'wounded', 'attack', 'said', 'survived', 'playing', 'dead', 'later', 'walked', 'several', 'miles', 'military', 'roadblock', 'near', 'town', 'san', 'fernando', 'tamaulipas', 'state', 'less', '100', 'miles', 'u.s.', 'border', 'officials', 'investigating', 'whether', 'members', 'zetas', 'drug', 'cartel', 'responsible', 'deaths', 'bodies', '72', 'victims', 'returned', 'homelands', 'include', 'guatemala', 'el', 'salvador', 'honduras', 'brazil', 'mexican', 'officials', 'returned', 'remains', '16', 'migrants', 'honduras', 'wednesday', 'live', 'broadcast', 'cnn', 'affiliate', 'televicentro', 'showed', 'six-man', 'honor', 'guards', 'wheeling', 'bodies', 'one', 'one', 'transport', 'aircraft', 'bereaved', 'relatives', 'friends', 'cried', 'held', 'gray', 'caskets', 'glided', 'slowly', 'guided', 'solemnly', 'soldiers', 'dress', 'uniforms', 'red-plumed', 'hats', 'caskets', 'adorned', 'bouquet', 'flowers', 'top', 'placed', 'large', 'tent', 'tarmac', 'air', 'force', 'airport', 'tegucigalpa', 'capital', 'honduras', 'repatriation', 'said', 'televicentro', 'banner', 'imposed', 'bottom', 'tv', 'image', 'started', 'search', 'american', 'dream', 'ended', 'mortal', 'nightmare', '16', 'caskets', 'gathered', 'tent', 'roman', 'catholic', 'priest', 'prayed', 'lose', 'faith', 'god', 'told', 'gathered', 'sprinkled', 'holy', 'water', 'caskets', 'honduran', 'president', 'porfirio', 'lobo', 'also', 'addressed', 'crowd', 'merely', 'reading', 'names', '16', 'victims', 'walking', 'back', 'spot', 'line', 'dignitaries', 'family', 'members', 'brought', 'word', 'lobo', 'hugged', 'spoke', 'quietly', 'caskets', 'released', 'families', 'ceremony', 'one', 'point', 'lobo', 'went', 'man', 'gray', 'new', 'york', 'yankees', 'cap', 'sobbing', 'leaned', 'coffin', 'lobo', 'patted', 'man', 'shoulder', 'reached', 'woman', 'standing', 'next', 'victims', 'taken', 'hometowns', 'burial', 'cnn', 'jose', 'antonio', 'flores', 'krupskaia', 'alis', 'arthur', 'brice', 'contributed', 'report']",Hialeah,[],0,0,0,None
23705822,2010-09-06 20:03:00,Fathers get postpartum depression too,"http://www.chicagotribune.com/health/la-heb-depressed-parents-20100906,0,3340115.story?track=rss",en,False,"politics and government,united states politics and government,accidents and safety",9,Chicago Tribune,http://www.chicagotribune.com/,"['perhaps', 'help', 'find', 'wanted', 'hit', 'error', 'page', 'try', 'site', 'map', 'list', 'online', 'sections', 'check', 'columnists', 'page', 'also', 'search', 'tools', 'finding', 'particular', 'stories', 'topics', 'pages', 'covering', 'many', 'major', 'issues', 'people', 'looking', 'particular', 'suburban', 'publication', 'story', 'best', 'place', 'start', 'suburbs', 'page', 'finally', 'may', 'want', 'take', 'look', 'archives', 'date', 'back', '1849', 'none', 'suggestions', 'work', 'please', 'feel', 'free', 'read', 'faq', 'send', 'us', 'question', 'comment']",Hialeah,[],0,0,None
